question_id,file,lot,official_topic,official_item_id,official_item,difficulty,answer_mode,required_answer_count,correct_choices,choices,cognitive_level,exam_skill,archetype,code_language,estimated_time_seconds,assesses_outcomes,course_refs,course_url,sources,classification
QST-z6te5yeyyzpj,golden-slice.yml,lot-02,HTTP,OIT-512se83ab7qj,Status codes,easy,single,1,1,4,APPLY,DISTINGUISH,SCENARIO_CHOICE,,45,OUT-8yd42b69nxnx,CRS-984c2bv3wh09,/docs/courses/lot-02/status-codes,1,READY_FOR_NEW_UI
QST-enxn0ad65n0w,golden-slice.yml,lot-02,HTTP,OIT-512se83ab7qj,Status codes,medium,multiple,2,2,4,KNOW,RECOGNIZE,DEFINITION_RECALL,,60,OUT-6sg999w56sxb,CRS-984c2bv3wh09,/docs/courses/lot-02/status-codes,1,READY_FOR_NEW_UI
QST-cfhm8d3qscwq,golden-slice.yml,lot-05,Routing,OIT-egy2wn3z7gb7,Configuration (YAML and PHP attributes),medium,single,1,1,4,APPLY,DIAGNOSE,CODE_DIAGNOSIS,php,75,OUT-tkq7ea4zgfd1,CRS-kqq96z5y9r2f,/docs/courses/lot-05/configuration-yaml-and-php-attributes,1,CODE_BLOCK_REQUIRED
QST-5darxtca2dmf,golden-slice.yml,lot-10,Security,OIT-s3jh7wg5km19,"Authenticators, Passports and Badges",hard,single,1,1,4,APPLY,DIAGNOSE,CODE_DIAGNOSIS,php,70,OUT-a4y23xrqfy6h,CRS-6gc45etcssfb,/docs/courses/lot-10/authenticators-passports-and-badges,1,CODE_INLINE_PRESENT
QST-3v9qvehmpvj3,golden-slice.yml,lot-10,Security,OIT-s3jh7wg5km19,"Authenticators, Passports and Badges",hard,multiple,2,2,4,UNDERSTAND,DISTINGUISH,CONCEPT_DISTINCTION,,80,OUT-pg8zhgwny9pq,CRS-6gc45etcssfb,/docs/courses/lot-10/authenticators-passports-and-badges,1,CODE_INLINE_PRESENT
QST-g3y2dqj5820q,lot-01-php.yml,lot-01,PHP,OIT-46ry8d7dypmb,PHP API up to PHP 8.4 version,medium,single,1,1,4,KNOW,RECOGNIZE,VERSION_ATTRIBUTION,,45,OUT-svjaxs75amyd,CRS-722pscs6e2m0,/docs/courses/lot-01/php-api-up-to-php-8-4-version,1,READY_FOR_NEW_UI
QST-7etwbjrngfd0,lot-01-php.yml,lot-01,PHP,OIT-46ry8d7dypmb,PHP API up to PHP 8.4 version,hard,multiple,2,2,4,UNDERSTAND,DISTINGUISH,CONCEPT_DISTINCTION,,75,OUT-fr1x4bcak73j,CRS-722pscs6e2m0,/docs/courses/lot-01/php-api-up-to-php-8-4-version,1,CODE_INLINE_PRESENT
QST-9be1jmm121k3,lot-01-php.yml,lot-01,PHP,OIT-ywrx9x3hg9z8,Object Oriented Programming,medium,single,1,1,4,APPLY,DIAGNOSE,CODE_OUTPUT,php,70,OUT-zqwbp11av4pr,CRS-3424z948caan,/docs/courses/lot-01/object-oriented-programming,1,CODE_INLINE_PRESENT
QST-rj0n6b7rxh74,lot-01-php.yml,lot-01,PHP,OIT-1kjqdnryaw0h,Attributes,medium,single,1,1,4,APPLY,DIAGNOSE,BEHAVIOR_DIAGNOSIS,,70,OUT-s8tzdy31hq6k,CRS-tqcp2kn9r3b5,/docs/courses/lot-01/attributes,1,CODE_INLINE_PRESENT
QST-trxpf8mvw13a,lot-01-php.yml,lot-01,PHP,OIT-1kjqdnryaw0h,Attributes,medium,multiple,2,2,4,KNOW,RECOGNIZE,API_SIGNATURE,,60,OUT-xnmzqxrwf753,CRS-tqcp2kn9r3b5,/docs/courses/lot-01/attributes,1,CODE_INLINE_PRESENT
QST-z4f4sxjhrhk1,lot-01-php.yml,lot-01,PHP,OIT-vt0p9cacpkpd,Interfaces,easy,single,1,1,4,KNOW,RECOGNIZE,API_SIGNATURE,,45,OUT-6tzwvmfwj408,CRS-e4y7gtn5k4f0,/docs/courses/lot-01/interfaces,1,READY_FOR_NEW_UI
QST-wd0d31jfm7vq,lot-01-php.yml,lot-01,PHP,OIT-fhb3vz7xbt5h,Anonymous functions and closures,medium,single,1,1,4,APPLY,DIAGNOSE,CODE_OUTPUT,php,65,OUT-2y15r5yjgcdv,CRS-e7m4xbcxegyc,/docs/courses/lot-01/anonymous-functions-and-closures,1,CODE_INLINE_PRESENT
QST-kabex2vv2wme,lot-01-php.yml,lot-01,PHP,OIT-fhb3vz7xbt5h,Anonymous functions and closures,hard,multiple,2,2,4,UNDERSTAND,DISTINGUISH,CONCEPT_DISTINCTION,,75,OUT-kspe7vnxkqe2,CRS-e7m4xbcxegyc,/docs/courses/lot-01/anonymous-functions-and-closures,1,CODE_INLINE_PRESENT
QST-e35gsy2e4vr3,lot-01-php.yml,lot-01,PHP,OIT-webdvbgbrfth,Abstract classes,medium,single,1,1,4,KNOW,RECOGNIZE,API_SIGNATURE,php,55,OUT-fs6z2g5dv4qq,CRS-0jtjh77tabt1,/docs/courses/lot-01/abstract-classes,1,READY_FOR_NEW_UI
QST-hdx34ew6s8ah,lot-01-php.yml,lot-01,PHP,OIT-bvnvx2b6yt2y,Exception and error handling,medium,single,1,1,4,APPLY,DIAGNOSE,CODE_DIAGNOSIS,php,60,OUT-xwdtmfm9hzsc,CRS-yc9fry0vz4gh,/docs/courses/lot-01/exception-and-error-handling,2,CODE_INLINE_PRESENT
QST-fhrga35d77wa,lot-01-php.yml,lot-01,PHP,OIT-bvnvx2b6yt2y,Exception and error handling,hard,single,1,1,4,KNOW,RECOGNIZE,DEFINITION_RECALL,,60,OUT-km64zadyg6pf,CRS-yc9fry0vz4gh,/docs/courses/lot-01/exception-and-error-handling,2,READY_FOR_NEW_UI
QST-jg9dftsvh67e,lot-01-php.yml,lot-01,PHP,OIT-n0zfkcr189af,Traits,hard,single,1,1,4,APPLY,DIAGNOSE,BEHAVIOR_PREDICTION,,70,OUT-xk68jha9m4nk,CRS-bshgpd44ykba,/docs/courses/lot-01/traits,1,READY_FOR_NEW_UI
QST-gpz2ww98k670,lot-01-php.yml,lot-01,PHP,OIT-n0zfkcr189af,Traits,hard,multiple,2,2,4,UNDERSTAND,DISTINGUISH,DEFINITION_RECALL,,80,OUT-w9w3hpwesby1,CRS-bshgpd44ykba,/docs/courses/lot-01/traits,1,READY_FOR_NEW_UI
QST-99hmydsyg0qy,lot-01-php.yml,lot-01,PHP,OIT-hqz5c2qse24w,Enums,medium,single,1,1,4,APPLY,DIAGNOSE,SCENARIO_CHOICE,php,60,OUT-6az3084jk5xb,CRS-3sggmeyd01x6,/docs/courses/lot-01/enums,1,CODE_INLINE_PRESENT
QST-6bn09p657t3v,lot-01-php.yml,lot-01,PHP,OIT-hqz5c2qse24w,Enums,hard,multiple,2,2,4,KNOW,DISTINGUISH,API_SIGNATURE,,75,OUT-c6mz3z761kqd,CRS-3sggmeyd01x6,/docs/courses/lot-01/enums,1,READY_FOR_NEW_UI
QST-tc50z9v9egjv,lot-01-php.yml,lot-01,PHP,OIT-vt0p9cacpkpd,Interfaces,hard,single,1,1,4,APPLY,DIAGNOSE,BEHAVIOR_PREDICTION,,60,OUT-7vt306wrfkb7,CRS-e4y7gtn5k4f0,/docs/courses/lot-01/interfaces,1,READY_FOR_NEW_UI
QST-b807cvrtscf6,lot-01-php.yml,lot-01,PHP,OIT-46ry8d7dypmb,PHP API up to PHP 8.4 version,medium,single,1,1,4,APPLY,DIAGNOSE,BEHAVIOR_PREDICTION,,55,OUT-ayahqn48ev7g,CRS-722pscs6e2m0,/docs/courses/lot-01/php-api-up-to-php-8-4-version,1,CODE_INLINE_PRESENT
QST-jhjytdhnzhew,lot-01-php.yml,lot-01,PHP,OIT-ywrx9x3hg9z8,Object Oriented Programming,hard,single,1,1,4,APPLY,DIAGNOSE,BEHAVIOR_PREDICTION,,70,OUT-qcb24vqg8pkt,CRS-3424z948caan,/docs/courses/lot-01/object-oriented-programming,1,CODE_INLINE_PRESENT
QST-2hamhd680ksn,lot-01-php.yml,lot-01,PHP,OIT-webdvbgbrfth,Abstract classes,medium,single,1,1,4,KNOW,RECOGNIZE,API_SIGNATURE,,45,OUT-fs6z2g5dv4qq,CRS-0jtjh77tabt1,/docs/courses/lot-01/abstract-classes,1,READY_FOR_NEW_UI
QST-e36h79gzw9gn,lot-01-php.yml,lot-01,PHP,OIT-bvnvx2b6yt2y,Exception and error handling,hard,single,1,1,4,APPLY,DIAGNOSE,SEQUENCE_ORDER,,65,OUT-xrckdfqa6x5n,CRS-yc9fry0vz4gh,/docs/courses/lot-01/exception-and-error-handling,1,CODE_INLINE_PRESENT
QST-604t8tj8gx9c,lot-01-php.yml,lot-01,PHP,OIT-1kjqdnryaw0h,Attributes,hard,single,1,1,4,APPLY,DIAGNOSE,BEHAVIOR_DIAGNOSIS,,75,OUT-0rkkxvd0e76f,CRS-tqcp2kn9r3b5,/docs/courses/lot-01/attributes,1,CODE_INLINE_PRESENT
QST-mhsb9ctp310m,lot-01-php.yml,lot-01,PHP,OIT-fhb3vz7xbt5h,Anonymous functions and closures,hard,single,1,1,4,APPLY,DIAGNOSE,BEHAVIOR_DIAGNOSIS,,75,OUT-pj3m73g0x58y,CRS-e7m4xbcxegyc,/docs/courses/lot-01/anonymous-functions-and-closures,1,CODE_INLINE_PRESENT
QST-4rr5p2mvc7g5,lot-01-php.yml,lot-01,PHP,OIT-n0zfkcr189af,Traits,hard,single,1,1,4,APPLY,DIAGNOSE,BEHAVIOR_DIAGNOSIS,,75,OUT-x8c9nce1wqh5,CRS-bshgpd44ykba,/docs/courses/lot-01/traits,1,CODE_INLINE_PRESENT
QST-6t35fhgzx5x2,lot-01-php.yml,lot-01,PHP,OIT-webdvbgbrfth,Abstract classes,hard,single,1,1,4,APPLY,DIAGNOSE,BEHAVIOR_DIAGNOSIS,,75,OUT-fs6z2g5dv4qq,CRS-0jtjh77tabt1,/docs/courses/lot-01/abstract-classes,1,READY_FOR_NEW_UI
QST-f2m90kz2ya28,lot-01-php.yml,lot-01,PHP,OIT-46ry8d7dypmb,PHP API up to PHP 8.4 version,hard,multiple,2,2,4,UNDERSTAND,DISTINGUISH,VERSION_ATTRIBUTION,,90,OUT-ayahqn48ev7g,CRS-722pscs6e2m0,/docs/courses/lot-01/php-api-up-to-php-8-4-version,1,READY_FOR_NEW_UI
QST-ktj89z3z3d5c,lot-02-http.yml,lot-02,HTTP,OIT-7801mj6w73ky,HTTP Specification (RFC 9110),easy,single,1,1,4,KNOW,RECOGNIZE,DEFINITION_RECALL,,40,OUT-6w2h5pvzsg06,CRS-depbnbc0g82x,/docs/courses/lot-02/http-specification-rfc-9110,1,READY_FOR_NEW_UI
QST-cxq2pvqpazts,lot-02-http.yml,lot-02,HTTP,OIT-d3nyk9z0q2pd,HTTP request,medium,single,1,1,4,APPLY,DIAGNOSE,CODE_DIAGNOSIS,php,65,OUT-8beznche62fc|OUT-w17b65zev3y5,CRS-222wq64mqxye,/docs/courses/lot-02/http-request,1,CODE_INLINE_PRESENT
QST-0yt0wew1kzge,lot-02-http.yml,lot-02,HTTP,OIT-d3nyk9z0q2pd,HTTP request,medium,multiple,2,2,4,KNOW,DISTINGUISH,CONCEPT_DISTINCTION,,70,OUT-hm4eajgn6rks,CRS-222wq64mqxye,/docs/courses/lot-02/http-request,1,CODE_INLINE_PRESENT
QST-8twgxeyvsp73,lot-02-http.yml,lot-02,HTTP,OIT-jh06tkfrhthq,HTTP response,hard,single,1,1,4,UNDERSTAND,DISTINGUISH,BEHAVIOR_PREDICTION,,75,OUT-2ekazygpee7h,CRS-hdsq2qdz7qdv,/docs/courses/lot-02/http-response,1,READY_FOR_NEW_UI
QST-xbkvhs464f4r,lot-02-http.yml,lot-02,HTTP,OIT-qnm508g1ktqm,HTTP methods,hard,multiple,2,2,4,UNDERSTAND,DISTINGUISH,CONCEPT_DISTINCTION,,70,OUT-yfskr4jf463t,CRS-erfvgqsx1z2p,/docs/courses/lot-02/http-methods,1,READY_FOR_NEW_UI
QST-0va8e7fh5szw,lot-02-http.yml,lot-02,HTTP,OIT-qnm508g1ktqm,HTTP methods,medium,single,1,1,4,KNOW,RECOGNIZE,API_SIGNATURE,,60,OUT-pvvwmsfr9v99,CRS-erfvgqsx1z2p,/docs/courses/lot-02/http-methods,1,CODE_INLINE_PRESENT
QST-kc7stf86x9jh,lot-02-http.yml,lot-02,HTTP,OIT-bz1f5nh8g9b2,Cookies,medium,single,1,1,4,APPLY,DIAGNOSE,BEHAVIOR_DIAGNOSIS,,60,OUT-z584m37h6jj1,CRS-7fa2behkxmf9,/docs/courses/lot-02/cookies,1,READY_FOR_NEW_UI
QST-1jpkm1x11jb8,lot-02-http.yml,lot-02,HTTP,OIT-tc39jp8japfc,Caching,hard,single,1,1,4,KNOW,DISTINGUISH,CONCEPT_DISTINCTION,,65,OUT-c5rwk67m9qxc,CRS-e3j0d3a8ndrf,/docs/courses/lot-02/caching,1,READY_FOR_NEW_UI
QST-2gvnfhbwzpaa,lot-02-http.yml,lot-02,HTTP,OIT-tc39jp8japfc,Caching,hard,single,1,1,4,APPLY,DIAGNOSE,BEHAVIOR_DIAGNOSIS,,75,OUT-mepzxqmzgxss,CRS-e3j0d3a8ndrf,/docs/courses/lot-02/caching,1,CODE_INLINE_PRESENT
QST-r4sq1djrd7pj,lot-02-http.yml,lot-02,HTTP,OIT-mrvrtxm4v2m5,Content negotiation,medium,single,1,1,4,KNOW,RECOGNIZE,DEFINITION_RECALL,,55,OUT-em6af2cxwyj0,CRS-dab7evz3fe29,/docs/courses/lot-02/content-negotiation,1,READY_FOR_NEW_UI
QST-g3sw71qz8dnq,lot-02-http.yml,lot-02,HTTP,OIT-fhjmv9w3wxsb,Language detection,medium,single,1,1,4,APPLY,DIAGNOSE,API_SIGNATURE,,60,OUT-asmwtw5t98t8,CRS-qa0x33akw264,/docs/courses/lot-02/language-detection,1,CODE_INLINE_PRESENT
QST-hnjpg1kv733t,lot-02-http.yml,lot-02,HTTP,OIT-9kh5cqz5qtrb,Symfony HttpClient component,hard,single,1,1,4,APPLY,DIAGNOSE,CODE_DIAGNOSIS,php,80,OUT-t602yfbqy21b|OUT-81pzmq0sf6k9,CRS-ez2qmqfk902e,/docs/courses/lot-02/symfony-httpclient-component,1,CODE_INLINE_PRESENT
QST-r6wwzwfx7mqc,lot-02-http.yml,lot-02,HTTP,OIT-9kh5cqz5qtrb,Symfony HttpClient component,medium,single,1,1,4,KNOW,DISTINGUISH,API_SIGNATURE,,60,OUT-9bcphcvp1dp0,CRS-ez2qmqfk902e,/docs/courses/lot-02/symfony-httpclient-component,1,CODE_INLINE_PRESENT
QST-s1btydv64pas,lot-02-http.yml,lot-02,HTTP,OIT-7801mj6w73ky,HTTP Specification (RFC 9110),medium,single,1,1,4,UNDERSTAND,DISTINGUISH,CONCEPT_DISTINCTION,,45,OUT-y8177jvv3m21,CRS-depbnbc0g82x,/docs/courses/lot-02/http-specification-rfc-9110,1,READY_FOR_NEW_UI
QST-6mzvc5xvgyqe,lot-02-http.yml,lot-02,HTTP,OIT-512se83ab7qj,Status codes,medium,single,1,1,4,APPLY,DISTINGUISH,SCENARIO_CHOICE,,45,OUT-7hfm105c194h,CRS-984c2bv3wh09,/docs/courses/lot-02/status-codes,1,READY_FOR_NEW_UI
QST-z116xknpac5j,lot-02-http.yml,lot-02,HTTP,OIT-d3nyk9z0q2pd,HTTP request,hard,single,1,1,4,KNOW,RECOGNIZE,API_SIGNATURE,,45,OUT-g11rrz2thqp0,CRS-222wq64mqxye,/docs/courses/lot-02/http-request,1,CODE_INLINE_PRESENT
QST-yv4xj79w1aax,lot-02-http.yml,lot-02,HTTP,OIT-jh06tkfrhthq,HTTP response,medium,single,1,1,4,UNDERSTAND,DISTINGUISH,BEHAVIOR_PREDICTION,,45,OUT-p5kb8nhzd8hm,CRS-hdsq2qdz7qdv,/docs/courses/lot-02/http-response,1,READY_FOR_NEW_UI
QST-yhpgxnb32k7a,lot-02-http.yml,lot-02,HTTP,OIT-qnm508g1ktqm,HTTP methods,medium,single,1,1,4,UNDERSTAND,DISTINGUISH,CONCEPT_DISTINCTION,,45,OUT-vx89t3yy7xck,CRS-erfvgqsx1z2p,/docs/courses/lot-02/http-methods,1,READY_FOR_NEW_UI
QST-57p6cnh69c68,lot-02-http.yml,lot-02,HTTP,OIT-bz1f5nh8g9b2,Cookies,medium,single,1,1,4,APPLY,DIAGNOSE,CODE_DIAGNOSIS,php,45,OUT-sh5sn773tmkx,CRS-7fa2behkxmf9,/docs/courses/lot-02/cookies,1,CODE_BLOCK_REQUIRED
QST-kk9459fpx2v0,lot-02-http.yml,lot-02,HTTP,OIT-bz1f5nh8g9b2,Cookies,hard,single,1,1,4,KNOW,RECOGNIZE,API_SIGNATURE,,45,OUT-v9x1yyn34t4x|OUT-sh5sn773tmkx,CRS-7fa2behkxmf9,/docs/courses/lot-02/cookies,1,CODE_INLINE_PRESENT
QST-vzjgas8c9fd1,lot-02-http.yml,lot-02,HTTP,OIT-tc39jp8japfc,Caching,hard,single,1,1,4,UNDERSTAND,DIAGNOSE,BEHAVIOR_PREDICTION,,45,OUT-8qect8jsygkg,CRS-e3j0d3a8ndrf,/docs/courses/lot-02/caching,1,CODE_INLINE_PRESENT
QST-m8byv8zcsa8m,lot-02-http.yml,lot-02,HTTP,OIT-tc39jp8japfc,Caching,hard,single,1,1,4,UNDERSTAND,DIAGNOSE,BEHAVIOR_PREDICTION,,45,OUT-m7sm7y26r3vk,CRS-e3j0d3a8ndrf,/docs/courses/lot-02/caching,1,READY_FOR_NEW_UI
QST-055ctb1t92na,lot-02-http.yml,lot-02,HTTP,OIT-mrvrtxm4v2m5,Content negotiation,medium,single,1,1,4,APPLY,DISTINGUISH,SCENARIO_CHOICE,,45,OUT-2brhvb6bgms5,CRS-dab7evz3fe29,/docs/courses/lot-02/content-negotiation,1,READY_FOR_NEW_UI
QST-8wjq9g6r7k3h,lot-02-http.yml,lot-02,HTTP,OIT-9kh5cqz5qtrb,Symfony HttpClient component,medium,single,1,1,4,KNOW,RECOGNIZE,API_SIGNATURE,,45,OUT-9vyq57j7gj6b,CRS-ez2qmqfk902e,/docs/courses/lot-02/symfony-httpclient-component,1,READY_FOR_NEW_UI
QST-cs5czk986ceh,lot-03-architecture.yml,lot-03,Symfony Architecture,OIT-y0ah7pq9c4hv,HttpFoundation component,medium,single,1,1,4,UNDERSTAND,DISTINGUISH,CONCEPT_DISTINCTION,,45,OUT-qr20ybf8za07,CRS-epx8j3fhb38n,/docs/courses/lot-03/httpfoundation-component,1,READY_FOR_NEW_UI
QST-811tsrpkggk6,lot-03-architecture.yml,lot-03,Symfony Architecture,OIT-y0ah7pq9c4hv,HttpFoundation component,medium,single,1,1,4,APPLY,DIAGNOSE,SCENARIO_CHOICE,,45,OUT-jgk2rwhep0vm,CRS-epx8j3fhb38n,/docs/courses/lot-03/httpfoundation-component,1,READY_FOR_NEW_UI
QST-eprt4675bxt3,lot-03-architecture.yml,lot-03,Symfony Architecture,OIT-132nwnh9c6bc,Symfony Flex,easy,single,1,1,4,KNOW,RECOGNIZE,DEFINITION_RECALL,,45,OUT-p7r2daxac21t,CRS-tyf3yfxjc3sa,/docs/courses/lot-03/symfony-flex,1,READY_FOR_NEW_UI
QST-2phg00bdwb17,lot-03-architecture.yml,lot-03,Symfony Architecture,OIT-347k8phdewem,License,easy,single,1,1,4,KNOW,RECOGNIZE,DEFINITION_RECALL,,45,OUT-h592sg3sr8rd,CRS-y84syktt20ww,/docs/courses/lot-03/license,1,READY_FOR_NEW_UI
QST-wc38szf5asj9,lot-03-architecture.yml,lot-03,Symfony Architecture,OIT-347k8phdewem,License,medium,single,1,1,4,UNDERSTAND,DISTINGUISH,SCENARIO_CHOICE,,45,OUT-580atmp6tp25,CRS-y84syktt20ww,/docs/courses/lot-03/license,1,READY_FOR_NEW_UI
QST-2wczm0rxvsj1,lot-03-architecture.yml,lot-03,Symfony Architecture,OIT-d416348gfhde,Components and Bridges,medium,single,1,1,4,UNDERSTAND,DISTINGUISH,CONCEPT_DISTINCTION,,45,OUT-21jyzfg4a961,CRS-1bxqx6ks853z,/docs/courses/lot-03/components-and-bridges,1,READY_FOR_NEW_UI
QST-anhjdyw3sw5z,lot-03-architecture.yml,lot-03,Symfony Architecture,OIT-p3p7te94qc1n,Code organization,easy,single,1,1,4,KNOW,RECOGNIZE,DEFINITION_RECALL,,45,OUT-yj8f9a5ncap4,CRS-156khyjssm25,/docs/courses/lot-03/code-organization,1,READY_FOR_NEW_UI
QST-ys2pndyx4es9,lot-03-architecture.yml,lot-03,Symfony Architecture,OIT-p3p7te94qc1n,Code organization,hard,single,1,1,4,APPLY,DIAGNOSE,SCENARIO_CHOICE,,60,OUT-yrbk1d6tvd4c,CRS-156khyjssm25,/docs/courses/lot-03/code-organization,1,READY_FOR_NEW_UI
QST-7b5q7zedg43v,lot-03-architecture.yml,lot-03,Symfony Architecture,OIT-7sewqvmw6468,Request handling,medium,single,1,1,4,KNOW,RECOGNIZE,SEQUENCE_ORDER,,45,OUT-3p88arwajsx7,CRS-mpwjc4g3vmj7,/docs/courses/lot-03/request-handling,1,READY_FOR_NEW_UI
QST-ewzwmzm44g5g,lot-03-architecture.yml,lot-03,Symfony Architecture,OIT-7sewqvmw6468,Request handling,medium,single,1,1,4,UNDERSTAND,DIAGNOSE,SCENARIO_CHOICE,,45,OUT-wzt3s8mkhkj9,CRS-mpwjc4g3vmj7,/docs/courses/lot-03/request-handling,1,READY_FOR_NEW_UI
QST-0rxv1000z941,lot-03-architecture.yml,lot-03,Symfony Architecture,OIT-xc4zfr70jjas,Exception handling,hard,single,1,1,4,APPLY,DIAGNOSE,BEHAVIOR_PREDICTION,,75,OUT-dbm0023ax4bv,CRS-kd67y4vnd0mm,/docs/courses/lot-03/exception-handling,1,CODE_INLINE_PRESENT
QST-y51441y0byrz,lot-03-architecture.yml,lot-03,Symfony Architecture,OIT-rd9b27fkb72r,Event dispatcher and kernel events,medium,single,1,1,4,KNOW,RECOGNIZE,BEHAVIOR_PREDICTION,,45,OUT-ces5mycxj5zx,CRS-2hpcy2rscq7m,/docs/courses/lot-03/event-dispatcher-and-kernel-events,1,READY_FOR_NEW_UI
QST-chxqtjssb1tr,lot-03-architecture.yml,lot-03,Symfony Architecture,OIT-rd9b27fkb72r,Event dispatcher and kernel events,hard,single,1,1,4,UNDERSTAND,DIAGNOSE,BEHAVIOR_PREDICTION,,60,OUT-xfcs32dwmgx2,CRS-2hpcy2rscq7m,/docs/courses/lot-03/event-dispatcher-and-kernel-events,1,CODE_INLINE_PRESENT
QST-7gk1cdmy0rxh,lot-03-architecture.yml,lot-03,Symfony Architecture,OIT-hzbednd04fd4,Official best practices,medium,single,1,1,4,UNDERSTAND,DISTINGUISH,SCENARIO_CHOICE,,45,OUT-bxcjgv614zqk,CRS-k2xvr11x936e,/docs/courses/lot-03/official-best-practices,1,READY_FOR_NEW_UI
QST-nz6jxdj32j14,lot-03-architecture.yml,lot-03,Symfony Architecture,OIT-hzbednd04fd4,Official best practices,hard,single,1,1,4,KNOW,DISTINGUISH,CONCEPT_DISTINCTION,,45,OUT-0b0m78g19vrs,CRS-k2xvr11x936e,/docs/courses/lot-03/official-best-practices,1,READY_FOR_NEW_UI
QST-z8vj7aat8jkk,lot-03-architecture.yml,lot-03,Symfony Architecture,OIT-vk57zg2wpep7,Backward compatibility promise,hard,single,1,1,4,UNDERSTAND,DIAGNOSE,CONCEPT_DISTINCTION,,60,OUT-92tk3wgmcgkc,CRS-21ec5kwrcmkm,/docs/courses/lot-03/backward-compatibility-promise,1,READY_FOR_NEW_UI
QST-daw9r7qrsmpc,lot-03-architecture.yml,lot-03,Symfony Architecture,OIT-vk57zg2wpep7,Backward compatibility promise,hard,single,1,1,4,APPLY,DIAGNOSE,SCENARIO_CHOICE,,60,OUT-z81y6z00tr3t,CRS-21ec5kwrcmkm,/docs/courses/lot-03/backward-compatibility-promise,1,READY_FOR_NEW_UI
QST-qyf1tg8cm0w6,lot-03-architecture.yml,lot-03,Symfony Architecture,OIT-ehf5zdnmdb1j,Deprecations best practices,medium,single,1,1,4,KNOW,RECOGNIZE,DEFINITION_RECALL,,45,OUT-crtr1pmq22t7,CRS-rkq1d437dw5d,/docs/courses/lot-03/deprecations-best-practices,1,READY_FOR_NEW_UI
QST-afrgkknny4fv,lot-03-architecture.yml,lot-03,Symfony Architecture,OIT-efzq92vdtayj,Framework overloading,hard,single,1,1,4,APPLY,DIAGNOSE,SCENARIO_CHOICE,,60,OUT-s8kw5gsv7y2e,CRS-f9s8mpaydnbx,/docs/courses/lot-03/framework-overloading,1,READY_FOR_NEW_UI
QST-bjgx2g2df63b,lot-03-architecture.yml,lot-03,Symfony Architecture,OIT-pk5s7cnhk776,Release management and roadmap schedule,medium,single,1,1,4,KNOW,RECOGNIZE,DEFINITION_RECALL,,45,OUT-bcjh1p7m06v1,CRS-6m32av3nr9eh,/docs/courses/lot-03/release-management-and-roadmap-schedule,1,READY_FOR_NEW_UI
QST-snvr37zq14z9,lot-03-architecture.yml,lot-03,Symfony Architecture,OIT-kcj9a5846b1s,Framework interoperability and PSRs,hard,single,1,1,4,UNDERSTAND,DIAGNOSE,SCENARIO_CHOICE,,60,OUT-sqrkr5sjqqz1,CRS-f74jcpnrrkhz,/docs/courses/lot-03/framework-interoperability-and-psrs,1,READY_FOR_NEW_UI
QST-0djgsnp61392,lot-03-architecture.yml,lot-03,Symfony Architecture,OIT-kcj9a5846b1s,Framework interoperability and PSRs,medium,single,1,1,4,KNOW,RECOGNIZE,DEFINITION_RECALL,,45,OUT-tga0d0zxwpvv,CRS-f74jcpnrrkhz,/docs/courses/lot-03/framework-interoperability-and-psrs,1,READY_FOR_NEW_UI
QST-0r834aw9wqn9,lot-03-architecture.yml,lot-03,Symfony Architecture,OIT-c9pjp03cv4bq,Naming conventions,easy,single,1,1,4,KNOW,RECOGNIZE,DEFINITION_RECALL,,45,OUT-2njr3rsw6g05,CRS-9g4qrgfs7nm4,/docs/courses/lot-03/naming-conventions,1,READY_FOR_NEW_UI
QST-8j24mgbaymwp,lot-03-architecture.yml,lot-03,Symfony Architecture,OIT-y0ah7pq9c4hv,HttpFoundation component,medium,single,1,1,4,UNDERSTAND,DISTINGUISH,CONCEPT_DISTINCTION,,45,OUT-m2fxjk4j2mc1,CRS-epx8j3fhb38n,/docs/courses/lot-03/httpfoundation-component,1,CODE_INLINE_PRESENT
QST-ctmxez1n2cj4,lot-03-architecture.yml,lot-03,Symfony Architecture,OIT-132nwnh9c6bc,Symfony Flex,medium,single,1,1,4,UNDERSTAND,DISTINGUISH,CONCEPT_DISTINCTION,,45,OUT-n6w2cz5vwgsw,CRS-tyf3yfxjc3sa,/docs/courses/lot-03/symfony-flex,1,READY_FOR_NEW_UI
QST-1v8pn7d8k0m7,lot-03-architecture.yml,lot-03,Symfony Architecture,OIT-p3p7te94qc1n,Code organization,easy,single,1,1,4,KNOW,RECOGNIZE,DEFINITION_RECALL,,40,OUT-gp7n5whkxyk0,CRS-156khyjssm25,/docs/courses/lot-03/code-organization,1,READY_FOR_NEW_UI
QST-7a895vbfsd6h,lot-03-architecture.yml,lot-03,Symfony Architecture,OIT-7sewqvmw6468,Request handling,hard,single,1,1,4,UNDERSTAND,DISTINGUISH,API_SIGNATURE,,60,OUT-ab41ar3ad6kf,CRS-mpwjc4g3vmj7,/docs/courses/lot-03/request-handling,1,CODE_INLINE_PRESENT
QST-h0x1bk6pjv23,lot-03-architecture.yml,lot-03,Symfony Architecture,OIT-7sewqvmw6468,Request handling,hard,single,1,1,4,UNDERSTAND,DISTINGUISH,CONCEPT_DISTINCTION,,60,OUT-6adtz0h101zr,CRS-mpwjc4g3vmj7,/docs/courses/lot-03/request-handling,2,CODE_INLINE_PRESENT
QST-7m1rk86pa9af,lot-03-architecture.yml,lot-03,Symfony Architecture,OIT-xc4zfr70jjas,Exception handling,medium,single,1,1,4,KNOW,RECOGNIZE,API_SIGNATURE,,45,OUT-9gyxnzp7ngzp,CRS-kd67y4vnd0mm,/docs/courses/lot-03/exception-handling,1,READY_FOR_NEW_UI
QST-gaax022fgkjp,lot-03-architecture.yml,lot-03,Symfony Architecture,OIT-rd9b27fkb72r,Event dispatcher and kernel events,medium,single,1,1,4,UNDERSTAND,DISTINGUISH,CONCEPT_DISTINCTION,,45,OUT-dbz79ewzqdg9,CRS-2hpcy2rscq7m,/docs/courses/lot-03/event-dispatcher-and-kernel-events,1,READY_FOR_NEW_UI
QST-zax1wr1gy24e,lot-03-architecture.yml,lot-03,Symfony Architecture,OIT-rd9b27fkb72r,Event dispatcher and kernel events,medium,single,1,1,4,UNDERSTAND,DISTINGUISH,API_SIGNATURE,,45,OUT-2x9c1gjdj7t5,CRS-2hpcy2rscq7m,/docs/courses/lot-03/event-dispatcher-and-kernel-events,2,CODE_INLINE_PRESENT
QST-tex0099enajm,lot-03-architecture.yml,lot-03,Symfony Architecture,OIT-rd9b27fkb72r,Event dispatcher and kernel events,easy,single,1,1,4,KNOW,RECOGNIZE,DEFINITION_RECALL,,35,OUT-p34x8sjgctbp,CRS-2hpcy2rscq7m,/docs/courses/lot-03/event-dispatcher-and-kernel-events,1,CODE_INLINE_PRESENT
QST-8sg46ehm1d11,lot-03-architecture.yml,lot-03,Symfony Architecture,OIT-hzbednd04fd4,Official best practices,easy,single,1,1,4,KNOW,RECOGNIZE,DEFINITION_RECALL,,35,OUT-2snt9b8p7pfa,CRS-k2xvr11x936e,/docs/courses/lot-03/official-best-practices,1,READY_FOR_NEW_UI
QST-nwpzd6jv9y2w,lot-03-architecture.yml,lot-03,Symfony Architecture,OIT-hzbednd04fd4,Official best practices,medium,single,1,1,4,UNDERSTAND,DISTINGUISH,SCENARIO_CHOICE,,45,OUT-2t4534jgce75,CRS-k2xvr11x936e,/docs/courses/lot-03/official-best-practices,1,READY_FOR_NEW_UI
QST-036y8zfn88x2,lot-03-architecture.yml,lot-03,Symfony Architecture,OIT-vk57zg2wpep7,Backward compatibility promise,hard,single,1,1,4,UNDERSTAND,DISTINGUISH,CONCEPT_DISTINCTION,,60,OUT-bmtapjwv4je4,CRS-21ec5kwrcmkm,/docs/courses/lot-03/backward-compatibility-promise,1,READY_FOR_NEW_UI
QST-zj6vgwab6xsz,lot-03-architecture.yml,lot-03,Symfony Architecture,OIT-vk57zg2wpep7,Backward compatibility promise,hard,single,1,1,4,UNDERSTAND,DISTINGUISH,CONCEPT_DISTINCTION,,60,OUT-xh1k5wmbaqwa,CRS-21ec5kwrcmkm,/docs/courses/lot-03/backward-compatibility-promise,1,READY_FOR_NEW_UI
QST-j1z51ck1sqns,lot-03-architecture.yml,lot-03,Symfony Architecture,OIT-ehf5zdnmdb1j,Deprecations best practices,medium,single,1,1,4,UNDERSTAND,DISTINGUISH,CONCEPT_DISTINCTION,,50,OUT-8dx7erg8d1eb,CRS-rkq1d437dw5d,/docs/courses/lot-03/deprecations-best-practices,1,READY_FOR_NEW_UI
QST-r3qg3jt3efpg,lot-03-architecture.yml,lot-03,Symfony Architecture,OIT-ehf5zdnmdb1j,Deprecations best practices,medium,single,1,1,4,KNOW,RECOGNIZE,DEFINITION_RECALL,,45,OUT-0j2bgvnbyj7p,CRS-rkq1d437dw5d,/docs/courses/lot-03/deprecations-best-practices,1,READY_FOR_NEW_UI
QST-152ds6g0w3kn,lot-03-architecture.yml,lot-03,Symfony Architecture,OIT-efzq92vdtayj,Framework overloading,medium,single,1,1,4,APPLY,DIAGNOSE,SCENARIO_CHOICE,,50,OUT-2r6g1ds91vvw,CRS-f9s8mpaydnbx,/docs/courses/lot-03/framework-overloading,1,READY_FOR_NEW_UI
QST-50dc6st2798p,lot-03-architecture.yml,lot-03,Symfony Architecture,OIT-pk5s7cnhk776,Release management and roadmap schedule,medium,single,1,1,4,KNOW,RECOGNIZE,DEFINITION_RECALL,,40,OUT-r00p8959jcpp,CRS-6m32av3nr9eh,/docs/courses/lot-03/release-management-and-roadmap-schedule,1,READY_FOR_NEW_UI
QST-jjyw16qe6rdp,lot-03-architecture.yml,lot-03,Symfony Architecture,OIT-pk5s7cnhk776,Release management and roadmap schedule,hard,single,1,1,4,UNDERSTAND,DISTINGUISH,CONCEPT_DISTINCTION,,55,OUT-1q68f4h4bdny,CRS-6m32av3nr9eh,/docs/courses/lot-03/release-management-and-roadmap-schedule,1,READY_FOR_NEW_UI
QST-rqn99khrxjbz,lot-03-architecture.yml,lot-03,Symfony Architecture,OIT-kcj9a5846b1s,Framework interoperability and PSRs,hard,single,1,1,4,UNDERSTAND,DISTINGUISH,CONCEPT_DISTINCTION,,55,OUT-3we3dc646hxk,CRS-f74jcpnrrkhz,/docs/courses/lot-03/framework-interoperability-and-psrs,2,READY_FOR_NEW_UI
QST-8xa9f65f4yr4,lot-03-architecture.yml,lot-03,Symfony Architecture,OIT-c9pjp03cv4bq,Naming conventions,medium,single,1,1,4,UNDERSTAND,DISTINGUISH,CONCEPT_DISTINCTION,,45,OUT-3r39kw6erehf,CRS-9g4qrgfs7nm4,/docs/courses/lot-03/naming-conventions,1,CODE_INLINE_PRESENT
QST-1rm2gsd2rpg3,lot-04-controllers.yml,lot-04,Controllers,OIT-qr7gnht5s847,HttpKernel component and FrameworkBundle,medium,single,1,1,4,UNDERSTAND,DISTINGUISH,CONCEPT_DISTINCTION,,45,OUT-dvn4fe5a95kf,CRS-tygmreqkkds3,/docs/courses/lot-04/httpkernel-component-and-frameworkbundle,1,READY_FOR_NEW_UI
QST-kd99n7e6g9ka,lot-04-controllers.yml,lot-04,Controllers,OIT-qr7gnht5s847,HttpKernel component and FrameworkBundle,medium,single,1,1,4,KNOW,RECOGNIZE,API_SIGNATURE,,45,OUT-9n7kqntbxaap,CRS-tygmreqkkds3,/docs/courses/lot-04/httpkernel-component-and-frameworkbundle,1,READY_FOR_NEW_UI
QST-kyp8v8zrb8r3,lot-04-controllers.yml,lot-04,Controllers,OIT-ycc2c8tnv68h,Naming conventions,medium,single,1,1,4,KNOW,DISTINGUISH,BEHAVIOR_PREDICTION,,45,OUT-j9vdv1qav4by,CRS-9fz4erg0wmbq,/docs/courses/lot-04/naming-conventions,1,CODE_INLINE_PRESENT
QST-dnxpede76ew1,lot-04-controllers.yml,lot-04,Controllers,OIT-gqpj4rbt0hc7,The base AbstractController class,hard,single,1,1,4,UNDERSTAND,DIAGNOSE,BEHAVIOR_DIAGNOSIS,,60,OUT-37kbkcyddm1r,CRS-h8s87edcx8ae,/docs/courses/lot-04/the-base-abstractcontroller-class,1,CODE_INLINE_PRESENT
QST-2vj8n6hfss62,lot-04-controllers.yml,lot-04,Controllers,OIT-gqpj4rbt0hc7,The base AbstractController class,hard,single,1,1,4,UNDERSTAND,DIAGNOSE,CONCEPT_DISTINCTION,,60,OUT-j0pg9ejmv4hg,CRS-h8s87edcx8ae,/docs/courses/lot-04/the-base-abstractcontroller-class,1,CODE_INLINE_PRESENT
QST-da21bxhgtjcr,lot-04-controllers.yml,lot-04,Controllers,OIT-6cr9b8ea8g32,The request,easy,single,1,1,4,KNOW,RECOGNIZE,DEFINITION_RECALL,,45,OUT-gvjp79xbcjsb,CRS-ea3twt9jcan2,/docs/courses/lot-04/the-request,1,CODE_INLINE_PRESENT
QST-ahd7kee2rcdn,lot-04-controllers.yml,lot-04,Controllers,OIT-6cr9b8ea8g32,The request,medium,single,1,1,4,APPLY,DIAGNOSE,BEHAVIOR_DIAGNOSIS,,45,OUT-8y8ytxt6m5v1,CRS-ea3twt9jcan2,/docs/courses/lot-04/the-request,1,CODE_INLINE_PRESENT
QST-qbvmn4ak00xe,lot-04-controllers.yml,lot-04,Controllers,OIT-2emwghgkkrdy,The response,medium,single,1,1,4,KNOW,DISTINGUISH,CONCEPT_DISTINCTION,,45,OUT-5ram2kxkc3de,CRS-a669jpap5zf2,/docs/courses/lot-04/the-response,1,READY_FOR_NEW_UI
QST-f1y8ffw897x7,lot-04-controllers.yml,lot-04,Controllers,OIT-2emwghgkkrdy,The response,hard,single,1,1,4,UNDERSTAND,DIAGNOSE,BEHAVIOR_PREDICTION,,60,OUT-k5603xv7233j,CRS-a669jpap5zf2,/docs/courses/lot-04/the-response,1,CODE_INLINE_PRESENT
QST-11nk5754rpdh,lot-04-controllers.yml,lot-04,Controllers,OIT-pfrzrr0qcmh3,The cookies,medium,single,1,1,4,UNDERSTAND,DIAGNOSE,SCENARIO_CHOICE,,45,OUT-kejhjexj129b,CRS-thmkagkjcvh3,/docs/courses/lot-04/the-cookies,1,CODE_INLINE_PRESENT
QST-b5rsrffwd1ja,lot-04-controllers.yml,lot-04,Controllers,OIT-e41m74xaqhy7,The session,hard,single,1,1,4,UNDERSTAND,DIAGNOSE,BEHAVIOR_PREDICTION,,60,OUT-vvctkweagzvz,CRS-a51fqgqynr2d,/docs/courses/lot-04/the-session,1,READY_FOR_NEW_UI
QST-hw8ee6r7vmgd,lot-04-controllers.yml,lot-04,Controllers,OIT-65bev6t7wbna,The flash messages,medium,single,1,1,4,KNOW,DISTINGUISH,API_SIGNATURE,,45,OUT-6g7emmk5p02f,CRS-ak7sdgcdjb7e,/docs/courses/lot-04/the-flash-messages,1,READY_FOR_NEW_UI
QST-rh33zfabnd6v,lot-04-controllers.yml,lot-04,Controllers,OIT-bwfqarnn6s2f,HTTP redirects,medium,single,1,1,4,APPLY,DIAGNOSE,API_SIGNATURE,,45,OUT-v6qwe7g2fz54,CRS-7zy5ndjgnpk1,/docs/courses/lot-04/http-redirects,1,CODE_INLINE_PRESENT
QST-w5n16306gg5v,lot-04-controllers.yml,lot-04,Controllers,OIT-bwfqarnn6s2f,HTTP redirects,hard,single,1,1,4,UNDERSTAND,DIAGNOSE,BEHAVIOR_DIAGNOSIS,,60,OUT-2n6hy6wr111b,CRS-7zy5ndjgnpk1,/docs/courses/lot-04/http-redirects,1,CODE_INLINE_PRESENT
QST-8gc5zq1h2p98,lot-04-controllers.yml,lot-04,Controllers,OIT-znm2tr61aw9p,Internal redirects,medium,single,1,1,4,UNDERSTAND,DISTINGUISH,BEHAVIOR_PREDICTION,,45,OUT-rwcxavb94b2x,CRS-fd24qxy0x1s6,/docs/courses/lot-04/internal-redirects,1,CODE_INLINE_PRESENT
QST-jm00zq4z9sez,lot-04-controllers.yml,lot-04,Controllers,OIT-znm2tr61aw9p,Internal redirects,hard,single,1,1,4,APPLY,DIAGNOSE,BEHAVIOR_DIAGNOSIS,,60,OUT-dpjz6mhjj9g1,CRS-fd24qxy0x1s6,/docs/courses/lot-04/internal-redirects,1,READY_FOR_NEW_UI
QST-5kn8tfb5k3s3,lot-04-controllers.yml,lot-04,Controllers,OIT-emymfwgesh99,Generate 404 pages,hard,single,1,1,4,APPLY,DIAGNOSE,BEHAVIOR_PREDICTION,,60,OUT-qa34bn6sqmqj,CRS-p57qsnnfpd2a,/docs/courses/lot-04/generate-404-pages,1,CODE_INLINE_PRESENT
QST-z3r0at4fmp23,lot-04-controllers.yml,lot-04,Controllers,OIT-emymfwgesh99,Generate 404 pages,medium,single,1,1,4,KNOW,RECOGNIZE,DEFINITION_RECALL,,45,OUT-kybyc8rb3vw0,CRS-p57qsnnfpd2a,/docs/courses/lot-04/generate-404-pages,1,READY_FOR_NEW_UI
QST-cztz9ndc5pc0,lot-04-controllers.yml,lot-04,Controllers,OIT-tb3bnd6b0f01,File upload,medium,single,1,1,4,UNDERSTAND,DIAGNOSE,SCENARIO_CHOICE,,45,OUT-38dvrzpkavx9,CRS-5pns7nw7612s,/docs/courses/lot-04/file-upload,1,READY_FOR_NEW_UI
QST-myjwe916hpfp,lot-04-controllers.yml,lot-04,Controllers,OIT-tb3bnd6b0f01,File upload,medium,single,1,1,4,KNOW,RECOGNIZE,BEHAVIOR_PREDICTION,,45,OUT-q06cyzmh9hjt,CRS-5pns7nw7612s,/docs/courses/lot-04/file-upload,1,CODE_INLINE_PRESENT
QST-1kdkyp9r94d1,lot-04-controllers.yml,lot-04,Controllers,OIT-e93sa9rd4kd9,Built-in internal controllers,medium,single,1,1,4,APPLY,RECOGNIZE,SCENARIO_CHOICE,,45,OUT-b7ntcrpknmjw,CRS-zmg0wrxvqqdq,/docs/courses/lot-04/built-in-internal-controllers,1,READY_FOR_NEW_UI
QST-df9adrfdyn46,lot-04-controllers.yml,lot-04,Controllers,OIT-e93sa9rd4kd9,Built-in internal controllers,hard,single,1,1,4,UNDERSTAND,DIAGNOSE,CONFIG_BEHAVIOR,,60,OUT-xs0zdk3dz20y,CRS-zmg0wrxvqqdq,/docs/courses/lot-04/built-in-internal-controllers,1,READY_FOR_NEW_UI
QST-a8y5n999x97w,lot-04-controllers.yml,lot-04,Controllers,OIT-8hs6e05vq91g,Argument value resolvers,hard,single,1,1,4,UNDERSTAND,DIAGNOSE,API_SIGNATURE,,60,OUT-np4jrjh0phfs,CRS-d5ffd8b704zs,/docs/courses/lot-04/argument-value-resolvers,1,READY_FOR_NEW_UI
QST-wqmsve0rpm50,lot-04-controllers.yml,lot-04,Controllers,OIT-8hs6e05vq91g,Argument value resolvers,hard,single,1,1,4,UNDERSTAND,DIAGNOSE,BEHAVIOR_DIAGNOSIS,,75,OUT-mtg83g8mv3bb,CRS-d5ffd8b704zs,/docs/courses/lot-04/argument-value-resolvers,1,CODE_INLINE_PRESENT
QST-9rwkjyzgr7hg,lot-04-controllers.yml,lot-04,Controllers,OIT-8hs6e05vq91g,Argument value resolvers,medium,single,1,1,4,KNOW,RECOGNIZE,BEHAVIOR_PREDICTION,,45,OUT-chxt3emfrcjg,CRS-d5ffd8b704zs,/docs/courses/lot-04/argument-value-resolvers,1,READY_FOR_NEW_UI
QST-ph5rpxx438xm,lot-04-controllers.yml,lot-04,Controllers,OIT-qr7gnht5s847,HttpKernel component and FrameworkBundle,medium,single,1,1,4,UNDERSTAND,DISTINGUISH,CONCEPT_DISTINCTION,,45,OUT-wtvmvsdmdz41,CRS-tygmreqkkds3,/docs/courses/lot-04/httpkernel-component-and-frameworkbundle,2,READY_FOR_NEW_UI
QST-bm2jqyvpp3hg,lot-04-controllers.yml,lot-04,Controllers,OIT-ycc2c8tnv68h,Naming conventions,medium,single,1,1,4,KNOW,RECOGNIZE,API_SIGNATURE,,45,OUT-fzeda7ytt9hf,CRS-9fz4erg0wmbq,/docs/courses/lot-04/naming-conventions,1,CODE_INLINE_PRESENT
QST-psq97q7wkts8,lot-04-controllers.yml,lot-04,Controllers,OIT-gqpj4rbt0hc7,The base AbstractController class,medium,single,1,1,4,UNDERSTAND,DISTINGUISH,CONCEPT_DISTINCTION,,45,OUT-5xtttnzd990y,CRS-h8s87edcx8ae,/docs/courses/lot-04/the-base-abstractcontroller-class,1,READY_FOR_NEW_UI
QST-hffdkwmscd0p,lot-04-controllers.yml,lot-04,Controllers,OIT-gqpj4rbt0hc7,The base AbstractController class,hard,single,1,1,4,UNDERSTAND,DISTINGUISH,API_SIGNATURE,,55,OUT-mzj3xrwsw6dr,CRS-h8s87edcx8ae,/docs/courses/lot-04/the-base-abstractcontroller-class,1,CODE_INLINE_PRESENT
QST-gbccz7ynvbd2,lot-04-controllers.yml,lot-04,Controllers,OIT-6cr9b8ea8g32,The request,medium,single,1,1,4,KNOW,RECOGNIZE,API_SIGNATURE,,45,OUT-y2d9m024g5gk,CRS-ea3twt9jcan2,/docs/courses/lot-04/the-request,1,CODE_INLINE_PRESENT
QST-pg8rnbwrhn85,lot-04-controllers.yml,lot-04,Controllers,OIT-6cr9b8ea8g32,The request,medium,single,1,1,4,UNDERSTAND,DISTINGUISH,CONCEPT_DISTINCTION,,50,OUT-axr8r9fatztr,CRS-ea3twt9jcan2,/docs/courses/lot-04/the-request,1,CODE_INLINE_PRESENT
QST-mfy3b1tss7jd,lot-04-controllers.yml,lot-04,Controllers,OIT-2emwghgkkrdy,The response,hard,single,1,1,4,UNDERSTAND,DIAGNOSE,BEHAVIOR_DIAGNOSIS,,55,OUT-4wrmsr0a1xvb,CRS-a669jpap5zf2,/docs/courses/lot-04/the-response,1,READY_FOR_NEW_UI
QST-wtsqfj44143s,lot-04-controllers.yml,lot-04,Controllers,OIT-2emwghgkkrdy,The response,medium,single,1,1,4,APPLY,DISTINGUISH,SCENARIO_CHOICE,,50,OUT-fy6864mta4ff,CRS-a669jpap5zf2,/docs/courses/lot-04/the-response,1,READY_FOR_NEW_UI
QST-5jrgjrw4vr7c,lot-04-controllers.yml,lot-04,Controllers,OIT-e41m74xaqhy7,The session,medium,single,1,1,4,APPLY,DISTINGUISH,SCENARIO_CHOICE,,50,OUT-wc78qqp1pj1p,CRS-a51fqgqynr2d,/docs/courses/lot-04/the-session,1,CODE_INLINE_PRESENT
QST-9wvy29f35tq4,lot-04-controllers.yml,lot-04,Controllers,OIT-65bev6t7wbna,The flash messages,medium,single,1,1,4,UNDERSTAND,DISTINGUISH,BEHAVIOR_PREDICTION,,45,OUT-sc6f90ffqzcw,CRS-ak7sdgcdjb7e,/docs/courses/lot-04/the-flash-messages,1,READY_FOR_NEW_UI
QST-ygz3yc3dy4qb,lot-04-controllers.yml,lot-04,Controllers,OIT-bwfqarnn6s2f,HTTP redirects,medium,single,1,1,4,APPLY,DISTINGUISH,SCENARIO_CHOICE,,50,OUT-gzgd3nv5dqsb,CRS-7zy5ndjgnpk1,/docs/courses/lot-04/http-redirects,1,CODE_INLINE_PRESENT
QST-sp3j4nhbk843,lot-04-controllers.yml,lot-04,Controllers,OIT-znm2tr61aw9p,Internal redirects,hard,single,1,1,4,UNDERSTAND,DISTINGUISH,CONCEPT_DISTINCTION,,55,OUT-kbajzz4zg5nn,CRS-fd24qxy0x1s6,/docs/courses/lot-04/internal-redirects,1,READY_FOR_NEW_UI
QST-wrd26d867k2d,lot-04-controllers.yml,lot-04,Controllers,OIT-emymfwgesh99,Generate 404 pages,medium,single,1,1,4,KNOW,RECOGNIZE,API_SIGNATURE,,45,OUT-jwxbjkcsf51k,CRS-p57qsnnfpd2a,/docs/courses/lot-04/generate-404-pages,1,CODE_INLINE_PRESENT
QST-jb83rnewag1f,lot-04-controllers.yml,lot-04,Controllers,OIT-emymfwgesh99,Generate 404 pages,hard,single,1,1,4,APPLY,DIAGNOSE,SCENARIO_CHOICE,,55,OUT-ym6q5502fmyf,CRS-p57qsnnfpd2a,/docs/courses/lot-04/generate-404-pages,1,READY_FOR_NEW_UI
QST-bv3s8kewdfyw,lot-04-controllers.yml,lot-04,Controllers,OIT-tb3bnd6b0f01,File upload,medium,single,1,1,4,UNDERSTAND,DISTINGUISH,CONCEPT_DISTINCTION,,50,OUT-np64n1673fc3,CRS-5pns7nw7612s,/docs/courses/lot-04/file-upload,2,CODE_INLINE_PRESENT
QST-t9fn2h61s3mc,lot-04-controllers.yml,lot-04,Controllers,OIT-tb3bnd6b0f01,File upload,hard,single,1,1,4,UNDERSTAND,DIAGNOSE,BEHAVIOR_DIAGNOSIS,,55,OUT-aw5esqj5yqqm,CRS-5pns7nw7612s,/docs/courses/lot-04/file-upload,1,READY_FOR_NEW_UI
QST-8wnkjscden97,lot-04-controllers.yml,lot-04,Controllers,OIT-e93sa9rd4kd9,Built-in internal controllers,medium,single,1,1,4,APPLY,DISTINGUISH,CONFIG_BEHAVIOR,,50,OUT-bpvmhcnp7akr,CRS-zmg0wrxvqqdq,/docs/courses/lot-04/built-in-internal-controllers,1,READY_FOR_NEW_UI
QST-3scwz8d79erg,lot-04-controllers.yml,lot-04,Controllers,OIT-8hs6e05vq91g,Argument value resolvers,hard,single,1,1,4,UNDERSTAND,DISTINGUISH,CONCEPT_DISTINCTION,,60,OUT-cbtvxgfkskae,CRS-d5ffd8b704zs,/docs/courses/lot-04/argument-value-resolvers,1,READY_FOR_NEW_UI
QST-t8j3vg4s1y9q,lot-04-controllers.yml,lot-04,Controllers,OIT-8hs6e05vq91g,Argument value resolvers,hard,single,1,1,4,UNDERSTAND,DISTINGUISH,CONCEPT_DISTINCTION,,60,OUT-ynyxk5m0hyzd,CRS-d5ffd8b704zs,/docs/courses/lot-04/argument-value-resolvers,1,CODE_INLINE_PRESENT
QST-am0fchhs6cs8,lot-05-routing.yml,lot-05,Routing,OIT-ceaw3ewfsw85,Routing component and FrameworkBundle,medium,single,1,1,4,UNDERSTAND,DISTINGUISH,CONCEPT_DISTINCTION,,45,OUT-jsv2v128z17j,CRS-2nwv1v57j7ef,/docs/courses/lot-05/routing-component-and-frameworkbundle,1,READY_FOR_NEW_UI
QST-sy8yv5y6kfbe,lot-05-routing.yml,lot-05,Routing,OIT-ceaw3ewfsw85,Routing component and FrameworkBundle,medium,single,1,1,4,KNOW,DISTINGUISH,CONCEPT_DISTINCTION,,45,OUT-bn50g0may31c,CRS-2nwv1v57j7ef,/docs/courses/lot-05/routing-component-and-frameworkbundle,1,CODE_INLINE_PRESENT
QST-e4m2fqttjv3f,lot-05-routing.yml,lot-05,Routing,OIT-1cj08dhtp9hj,Restrict URL parameters,medium,single,1,1,4,APPLY,DIAGNOSE,BEHAVIOR_DIAGNOSIS,,60,OUT-t3ajatgs8hh2,CRS-wg3j0t5pm7w1,/docs/courses/lot-05/restrict-url-parameters,1,READY_FOR_NEW_UI
QST-nzk49a60g2w7,lot-05-routing.yml,lot-05,Routing,OIT-1cj08dhtp9hj,Restrict URL parameters,medium,single,1,1,4,KNOW,RECOGNIZE,API_SIGNATURE,,45,OUT-gxaj5vfr68nt,CRS-wg3j0t5pm7w1,/docs/courses/lot-05/restrict-url-parameters,1,CODE_INLINE_PRESENT
QST-8batm9anrn18,lot-05-routing.yml,lot-05,Routing,OIT-ff0kghjbzvpm,Set default values to URL parameters,hard,single,1,1,4,APPLY,DIAGNOSE,BEHAVIOR_DIAGNOSIS,,60,OUT-fhjj5c6d002g,CRS-vkgr06y3x72g,/docs/courses/lot-05/set-default-values-to-url-parameters,1,READY_FOR_NEW_UI
QST-8ga6z9sfbv40,lot-05-routing.yml,lot-05,Routing,OIT-ff0kghjbzvpm,Set default values to URL parameters,medium,single,1,1,4,KNOW,RECOGNIZE,API_SIGNATURE,,45,OUT-w99f0fjydtp0,CRS-vkgr06y3x72g,/docs/courses/lot-05/set-default-values-to-url-parameters,1,CODE_INLINE_PRESENT
QST-8k29tz9vy6mt,lot-05-routing.yml,lot-05,Routing,OIT-81b2c0jmv2j3,URLs generation,medium,single,1,1,4,KNOW,RECOGNIZE,API_SIGNATURE,,45,OUT-5t7q7sa1385e,CRS-sx61as7r7p0d,/docs/courses/lot-05/urls-generation,1,READY_FOR_NEW_UI
QST-0y1zbrpb67fw,lot-05-routing.yml,lot-05,Routing,OIT-81b2c0jmv2j3,URLs generation,hard,single,1,1,4,APPLY,DIAGNOSE,BEHAVIOR_DIAGNOSIS,,60,OUT-dqnskk31jve5,CRS-sx61as7r7p0d,/docs/courses/lot-05/urls-generation,1,READY_FOR_NEW_UI
QST-d0mf49sax6yj,lot-05-routing.yml,lot-05,Routing,OIT-d51jbkfs21pt,Trigger redirects,hard,single,1,1,4,APPLY,DIAGNOSE,BEHAVIOR_DIAGNOSIS,,60,OUT-35a9hesk4cpd,CRS-tgbv3wp66rcc,/docs/courses/lot-05/trigger-redirects,1,READY_FOR_NEW_UI
QST-np471a1fkmv6,lot-05-routing.yml,lot-05,Routing,OIT-d51jbkfs21pt,Trigger redirects,medium,single,1,1,4,UNDERSTAND,DIAGNOSE,BEHAVIOR_DIAGNOSIS,,45,OUT-615hjenzhh66,CRS-tgbv3wp66rcc,/docs/courses/lot-05/trigger-redirects,1,READY_FOR_NEW_UI
QST-af1e821vzx6r,lot-05-routing.yml,lot-05,Routing,OIT-4pgc74ctc3vc,Special internal routing attributes,medium,single,1,1,4,KNOW,RECOGNIZE,API_SIGNATURE,,45,OUT-zg0vs74c3yef,CRS-nhebf7arqvn4,/docs/courses/lot-05/special-internal-routing-attributes,1,READY_FOR_NEW_UI
QST-m5x0wprr2kvf,lot-05-routing.yml,lot-05,Routing,OIT-4pgc74ctc3vc,Special internal routing attributes,hard,single,1,1,4,KNOW,DISTINGUISH,CONCEPT_DISTINCTION,,60,OUT-zsdbtcwh25g5,CRS-nhebf7arqvn4,/docs/courses/lot-05/special-internal-routing-attributes,1,READY_FOR_NEW_UI
QST-c8g1bj0n5dqs,lot-05-routing.yml,lot-05,Routing,OIT-21m4pmtymygn,Domain name matching,medium,single,1,1,4,UNDERSTAND,RECOGNIZE,API_SIGNATURE,,45,OUT-wtvymxrjxf80|OUT-kz98mvtwphqc,CRS-2b1wzm3rwdrn,/docs/courses/lot-05/domain-name-matching,1,READY_FOR_NEW_UI
QST-wackwv87118n,lot-05-routing.yml,lot-05,Routing,OIT-e2zrm9qkpx7j,Conditional request matching,hard,single,1,1,4,UNDERSTAND,DIAGNOSE,BEHAVIOR_DIAGNOSIS,,60,OUT-413aqdhzwkfw,CRS-f92d09x14ggx,/docs/courses/lot-05/conditional-request-matching,1,READY_FOR_NEW_UI
QST-zre5tj917bfe,lot-05-routing.yml,lot-05,Routing,OIT-e2zrm9qkpx7j,Conditional request matching,medium,single,1,1,4,KNOW,RECOGNIZE,API_SIGNATURE,,45,OUT-er1yxf3bmwn9,CRS-f92d09x14ggx,/docs/courses/lot-05/conditional-request-matching,1,CODE_INLINE_PRESENT
QST-n9mqsvxnxvsz,lot-05-routing.yml,lot-05,Routing,OIT-5g82spham3vm,HTTP methods matching,easy,single,1,1,4,KNOW,RECOGNIZE,API_SIGNATURE,,45,OUT-y5cganxr802r|OUT-28bd4czsshkq,CRS-h3q0qxnq8eq0,/docs/courses/lot-05/http-methods-matching,1,READY_FOR_NEW_UI
QST-xadb43t30n4e,lot-05-routing.yml,lot-05,Routing,OIT-5g82spham3vm,HTTP methods matching,medium,single,1,1,4,APPLY,DIAGNOSE,BEHAVIOR_DIAGNOSIS,,60,OUT-1cfa6y0xkxt0,CRS-h3q0qxnq8eq0,/docs/courses/lot-05/http-methods-matching,1,READY_FOR_NEW_UI
QST-e5r36kab4gdn,lot-05-routing.yml,lot-05,Routing,OIT-xxcpx1qssp93,User's locale guessing,medium,single,1,1,4,UNDERSTAND,RECOGNIZE,API_SIGNATURE,,45,OUT-q1mwf424caew,CRS-evzcj63fgdb7,/docs/courses/lot-05/user-s-locale-guessing,1,READY_FOR_NEW_UI
QST-sx1wkkf00607,lot-05-routing.yml,lot-05,Routing,OIT-xxcpx1qssp93,User's locale guessing,hard,single,1,1,4,UNDERSTAND,DIAGNOSE,BEHAVIOR_DIAGNOSIS,,60,OUT-qtd7wg0gtvex,CRS-evzcj63fgdb7,/docs/courses/lot-05/user-s-locale-guessing,1,CODE_INLINE_PRESENT
QST-2m6tem2jg4d4,lot-05-routing.yml,lot-05,Routing,OIT-8sr74a2wnb3r,Router debugging,medium,single,1,1,4,KNOW,RECOGNIZE,DEFINITION_RECALL,,45,OUT-ef2j62bxp9fd,CRS-8dgxs89hrah0,/docs/courses/lot-05/router-debugging,1,READY_FOR_NEW_UI
QST-d3z5234k4p9k,lot-05-routing.yml,lot-05,Routing,OIT-8sr74a2wnb3r,Router debugging,easy,single,1,1,4,APPLY,RECOGNIZE,API_SIGNATURE,,45,OUT-w0yjsy54z7s9,CRS-8dgxs89hrah0,/docs/courses/lot-05/router-debugging,1,READY_FOR_NEW_UI
QST-y23z26y5gaqn,lot-05-routing.yml,lot-05,Routing,OIT-egy2wn3z7gb7,Configuration (YAML and PHP attributes),medium,single,1,1,4,UNDERSTAND,DISTINGUISH,CONCEPT_DISTINCTION,,45,OUT-f2tn472mwm2p,CRS-kqq96z5y9r2f,/docs/courses/lot-05/configuration-yaml-and-php-attributes,1,READY_FOR_NEW_UI
QST-y7mf6hamqsq3,lot-05-routing.yml,lot-05,Routing,OIT-1cj08dhtp9hj,Restrict URL parameters,hard,single,1,1,4,KNOW,RECOGNIZE,API_SIGNATURE,,45,OUT-7hyaem7hsh5h,CRS-wg3j0t5pm7w1,/docs/courses/lot-05/restrict-url-parameters,1,CODE_INLINE_PRESENT
QST-mbdfczw6tszk,lot-05-routing.yml,lot-05,Routing,OIT-ff0kghjbzvpm,Set default values to URL parameters,hard,single,1,1,4,UNDERSTAND,DIAGNOSE,BEHAVIOR_PREDICTION,,45,OUT-qva279gdyyra,CRS-vkgr06y3x72g,/docs/courses/lot-05/set-default-values-to-url-parameters,1,READY_FOR_NEW_UI
QST-kcs2zkkzb0f4,lot-05-routing.yml,lot-05,Routing,OIT-ff0kghjbzvpm,Set default values to URL parameters,hard,single,1,1,4,UNDERSTAND,DISTINGUISH,CONCEPT_DISTINCTION,,45,OUT-33d0j3zrrwmz,CRS-vkgr06y3x72g,/docs/courses/lot-05/set-default-values-to-url-parameters,1,READY_FOR_NEW_UI
QST-prn2rj6sw6db,lot-05-routing.yml,lot-05,Routing,OIT-81b2c0jmv2j3,URLs generation,medium,single,1,1,4,APPLY,DISTINGUISH,SCENARIO_CHOICE,,45,OUT-hz0pwe66gz3a,CRS-sx61as7r7p0d,/docs/courses/lot-05/urls-generation,1,READY_FOR_NEW_UI
QST-fc8c15hve3qe,lot-05-routing.yml,lot-05,Routing,OIT-d51jbkfs21pt,Trigger redirects,medium,single,1,1,4,APPLY,DISTINGUISH,SCENARIO_CHOICE,,45,OUT-khhjkt6203k6,CRS-tgbv3wp66rcc,/docs/courses/lot-05/trigger-redirects,1,READY_FOR_NEW_UI
QST-0negxbfbe972,lot-05-routing.yml,lot-05,Routing,OIT-4pgc74ctc3vc,Special internal routing attributes,medium,single,1,1,4,UNDERSTAND,DISTINGUISH,CONCEPT_DISTINCTION,,45,OUT-4k0zcm86nfkk,CRS-nhebf7arqvn4,/docs/courses/lot-05/special-internal-routing-attributes,1,CODE_INLINE_PRESENT
QST-f0k6jqb9twcj,lot-05-routing.yml,lot-05,Routing,OIT-4pgc74ctc3vc,Special internal routing attributes,hard,single,1,1,4,KNOW,RECOGNIZE,API_SIGNATURE,,45,OUT-8f5nc3sevst2,CRS-nhebf7arqvn4,/docs/courses/lot-05/special-internal-routing-attributes,1,READY_FOR_NEW_UI
QST-aappj4tqvxxw,lot-05-routing.yml,lot-05,Routing,OIT-e2zrm9qkpx7j,Conditional request matching,medium,single,1,1,4,KNOW,RECOGNIZE,API_SIGNATURE,,45,OUT-s9bajh1gydjw,CRS-f92d09x14ggx,/docs/courses/lot-05/conditional-request-matching,1,READY_FOR_NEW_UI
QST-z6cmycq8x4s9,lot-05-routing.yml,lot-05,Routing,OIT-e2zrm9qkpx7j,Conditional request matching,hard,single,1,1,4,KNOW,RECOGNIZE,API_SIGNATURE,,45,OUT-tgxzpmwjg951,CRS-f92d09x14ggx,/docs/courses/lot-05/conditional-request-matching,1,CODE_INLINE_PRESENT
QST-afe4sztywrc5,lot-05-routing.yml,lot-05,Routing,OIT-xxcpx1qssp93,User's locale guessing,medium,single,1,1,4,UNDERSTAND,DIAGNOSE,BEHAVIOR_PREDICTION,,45,OUT-r3cc9h4e6h3x,CRS-evzcj63fgdb7,/docs/courses/lot-05/user-s-locale-guessing,1,READY_FOR_NEW_UI
QST-4twpbnv5sa5g,lot-05-routing.yml,lot-05,Routing,OIT-8sr74a2wnb3r,Router debugging,medium,single,1,1,4,KNOW,RECOGNIZE,API_SIGNATURE,,45,OUT-qnzwvqtmb7v5,CRS-8dgxs89hrah0,/docs/courses/lot-05/router-debugging,1,READY_FOR_NEW_UI
QST-nqeq65rj5m97,lot-06-twig.yml,lot-06,Templating with Twig,OIT-b9x8az2bx4t8,TwigBundle,medium,single,1,1,4,UNDERSTAND,DISTINGUISH,CONCEPT_DISTINCTION,,45,OUT-xw5hbxewf5xf,CRS-2bj91rj9kvj0,/docs/courses/lot-06/twigbundle,1,READY_FOR_NEW_UI
QST-k1qgrrevaw40,lot-06-twig.yml,lot-06,Templating with Twig,OIT-b9x8az2bx4t8,TwigBundle,medium,single,1,1,4,APPLY,DIAGNOSE,CONFIG_BEHAVIOR,,45,OUT-eqrycamdmt25,CRS-2bj91rj9kvj0,/docs/courses/lot-06/twigbundle,1,READY_FOR_NEW_UI
QST-2xamk5ahfyyn,lot-06-twig.yml,lot-06,Templating with Twig,OIT-vhd83fn6w9wy,Twig syntax up to 3.22 version,hard,single,1,1,4,APPLY,DIAGNOSE,SEQUENCE_ORDER,,60,OUT-4wpk7x3epxym,CRS-x2f8reencvcs,/docs/courses/lot-06/twig-syntax-up-to-3-22-version,1,CODE_INLINE_PRESENT
QST-fendqkqnnjqj,lot-06-twig.yml,lot-06,Templating with Twig,OIT-vhd83fn6w9wy,Twig syntax up to 3.22 version,medium,single,1,1,4,KNOW,RECOGNIZE,DEFINITION_RECALL,,45,OUT-93svekvx55t0,CRS-x2f8reencvcs,/docs/courses/lot-06/twig-syntax-up-to-3-22-version,1,READY_FOR_NEW_UI
QST-1s9t39gm4yfj,lot-06-twig.yml,lot-06,Templating with Twig,OIT-vhd83fn6w9wy,Twig syntax up to 3.22 version,medium,single,1,1,4,UNDERSTAND,DISTINGUISH,CONCEPT_DISTINCTION,,45,OUT-491pkbwc6e8x,CRS-x2f8reencvcs,/docs/courses/lot-06/twig-syntax-up-to-3-22-version,1,CODE_INLINE_PRESENT
QST-mr5y3tea9rgw,lot-06-twig.yml,lot-06,Templating with Twig,OIT-ns36thqnh2jk,Auto escaping,hard,single,1,1,4,APPLY,DIAGNOSE,SCENARIO_CHOICE,,60,OUT-ss6r3pwx0fjy,CRS-w82wtddwhexg,/docs/courses/lot-06/auto-escaping,1,CODE_INLINE_PRESENT
QST-hqqnvh8n266m,lot-06-twig.yml,lot-06,Templating with Twig,OIT-ns36thqnh2jk,Auto escaping,medium,single,1,1,4,KNOW,RECOGNIZE,DEFINITION_RECALL,,45,OUT-947gftrjzm6w,CRS-w82wtddwhexg,/docs/courses/lot-06/auto-escaping,1,READY_FOR_NEW_UI
QST-f9dbbk5scdxt,lot-06-twig.yml,lot-06,Templating with Twig,OIT-g3p8wdtww344,Template inheritance,hard,single,1,1,4,APPLY,DIAGNOSE,BEHAVIOR_DIAGNOSIS,,60,OUT-0b65p7477ebz,CRS-k3v3wrt0hmtx,/docs/courses/lot-06/template-inheritance,1,READY_FOR_NEW_UI
QST-81q6m585fqxs,lot-06-twig.yml,lot-06,Templating with Twig,OIT-g3p8wdtww344,Template inheritance,medium,single,1,1,4,UNDERSTAND,DISTINGUISH,CONCEPT_DISTINCTION,,45,OUT-5gpp6vwt10fk,CRS-k3v3wrt0hmtx,/docs/courses/lot-06/template-inheritance,1,CODE_INLINE_PRESENT
QST-m6pb3s1ek4qg,lot-06-twig.yml,lot-06,Templating with Twig,OIT-dp7w7s85wxjg,Global variables,medium,single,1,1,4,KNOW,RECOGNIZE,DEFINITION_RECALL,,45,OUT-5z9qxkyjy0yc,CRS-r56yzzb4pye2,/docs/courses/lot-06/global-variables,1,READY_FOR_NEW_UI
QST-m49e8kfejtww,lot-06-twig.yml,lot-06,Templating with Twig,OIT-dp7w7s85wxjg,Global variables,medium,single,1,1,4,APPLY,RECOGNIZE,CONFIG_BEHAVIOR,,45,OUT-thnmr95cr5f4,CRS-r56yzzb4pye2,/docs/courses/lot-06/global-variables,1,READY_FOR_NEW_UI
QST-kpt3rdmkphrw,lot-06-twig.yml,lot-06,Templating with Twig,OIT-sqekx9pkbe5v,Filters and functions,medium,single,1,1,4,UNDERSTAND,DISTINGUISH,CONCEPT_DISTINCTION,,45,OUT-cqhgw19wwy6g,CRS-306ppg4454wj,/docs/courses/lot-06/filters-and-functions,1,CODE_INLINE_PRESENT
QST-s6snn83ndr2e,lot-06-twig.yml,lot-06,Templating with Twig,OIT-sqekx9pkbe5v,Filters and functions,medium,single,1,1,4,APPLY,RECOGNIZE,SCENARIO_CHOICE,,45,OUT-mhmwe1napmfn,CRS-306ppg4454wj,/docs/courses/lot-06/filters-and-functions,1,READY_FOR_NEW_UI
QST-ds7wq19b5c0b,lot-06-twig.yml,lot-06,Templating with Twig,OIT-ds2p5d4eg0pq,Template includes,hard,single,1,1,4,UNDERSTAND,DIAGNOSE,BEHAVIOR_DIAGNOSIS,,60,OUT-ng5q8rr0804g,CRS-w83y6pfa5edn,/docs/courses/lot-06/template-includes,1,READY_FOR_NEW_UI
QST-kvtpnyrtd4xj,lot-06-twig.yml,lot-06,Templating with Twig,OIT-ds2p5d4eg0pq,Template includes,medium,single,1,1,4,UNDERSTAND,DISTINGUISH,CONCEPT_DISTINCTION,,45,OUT-kb1neg7efnfp,CRS-w83y6pfa5edn,/docs/courses/lot-06/template-includes,1,CODE_INLINE_PRESENT
QST-ectrc20a3daw,lot-06-twig.yml,lot-06,Templating with Twig,OIT-84j0qwkbcgq6,Loops and conditions,medium,single,1,1,4,KNOW,RECOGNIZE,DEFINITION_RECALL,,45,OUT-16dbq9y7rz76,CRS-zbnzvqkhjknh,/docs/courses/lot-06/loops-and-conditions,1,READY_FOR_NEW_UI
QST-12bq5dm5yc6s,lot-06-twig.yml,lot-06,Templating with Twig,OIT-84j0qwkbcgq6,Loops and conditions,hard,single,1,1,4,APPLY,DIAGNOSE,SCENARIO_CHOICE,,60,OUT-d2d8w5y3z51h,CRS-zbnzvqkhjknh,/docs/courses/lot-06/loops-and-conditions,1,CODE_INLINE_PRESENT
QST-n45xyv1gqstp,lot-06-twig.yml,lot-06,Templating with Twig,OIT-yh6zx9shv9vs,URLs generation,easy,single,1,1,4,KNOW,DISTINGUISH,CONCEPT_DISTINCTION,,45,OUT-eqkt5vg15zqf,CRS-dpbpbgwjey5c,/docs/courses/lot-06/urls-generation,1,READY_FOR_NEW_UI
QST-p2ceq2j1mg16,lot-06-twig.yml,lot-06,Templating with Twig,OIT-yh6zx9shv9vs,URLs generation,medium,single,1,1,4,APPLY,DIAGNOSE,BEHAVIOR_DIAGNOSIS,,45,OUT-5g7zrabez2b4,CRS-dpbpbgwjey5c,/docs/courses/lot-06/urls-generation,1,READY_FOR_NEW_UI
QST-s7bzj5nsnw1g,lot-06-twig.yml,lot-06,Templating with Twig,OIT-c34hn4px3czj,Controller rendering,hard,single,1,1,4,UNDERSTAND,DIAGNOSE,SCENARIO_CHOICE,,60,OUT-yzay5m44wwmq,CRS-yw6c5hq2mbax,/docs/courses/lot-06/controller-rendering,1,CODE_INLINE_PRESENT
QST-nfe9sv3qesa2,lot-06-twig.yml,lot-06,Templating with Twig,OIT-c34hn4px3czj,Controller rendering,medium,single,1,1,4,KNOW,RECOGNIZE,CONFIG_BEHAVIOR,,45,OUT-686mezsja6g7,CRS-yw6c5hq2mbax,/docs/courses/lot-06/controller-rendering,1,READY_FOR_NEW_UI
QST-6vv657ts3r2y,lot-06-twig.yml,lot-06,Templating with Twig,OIT-sd08j04k60m0,Translations and pluralization,medium,single,1,1,4,KNOW,RECOGNIZE,API_SIGNATURE,,45,OUT-p436jre6f29p,CRS-q18xc1k4yvb9,/docs/courses/lot-06/translations-and-pluralization,1,READY_FOR_NEW_UI
QST-q8q1ra28925h,lot-06-twig.yml,lot-06,Templating with Twig,OIT-sd08j04k60m0,Translations and pluralization,hard,single,1,1,4,UNDERSTAND,DISTINGUISH,CONCEPT_DISTINCTION,,60,OUT-km38p3n24htq,CRS-q18xc1k4yvb9,/docs/courses/lot-06/translations-and-pluralization,1,READY_FOR_NEW_UI
QST-z1dcqdz8cm6a,lot-06-twig.yml,lot-06,Templating with Twig,OIT-30gnb617ksex,String interpolation,medium,single,1,1,4,APPLY,DIAGNOSE,BEHAVIOR_DIAGNOSIS,,45,OUT-w25h6r5rdb9c,CRS-dfyab4kpcapw,/docs/courses/lot-06/string-interpolation,1,CODE_INLINE_PRESENT
QST-e8w4fyajxpm5,lot-06-twig.yml,lot-06,Templating with Twig,OIT-30gnb617ksex,String interpolation,medium,single,1,1,4,KNOW,RECOGNIZE,DEFINITION_RECALL,,45,OUT-rve93x3e2gjq,CRS-dfyab4kpcapw,/docs/courses/lot-06/string-interpolation,1,READY_FOR_NEW_UI
QST-sgmgf58d4tja,lot-06-twig.yml,lot-06,Templating with Twig,OIT-tw3xaqbz8xjy,Assets management,medium,single,1,1,4,APPLY,RECOGNIZE,SCENARIO_CHOICE,,45,OUT-pw46yjz3zfeh|OUT-1c5dnwnne01z,CRS-ym86ptkhfgap,/docs/courses/lot-06/assets-management,1,CODE_INLINE_PRESENT
QST-px35sagvb53s,lot-06-twig.yml,lot-06,Templating with Twig,OIT-tw3xaqbz8xjy,Assets management,medium,single,1,1,4,KNOW,RECOGNIZE,API_SIGNATURE,,45,OUT-k668ynwpjgby,CRS-ym86ptkhfgap,/docs/courses/lot-06/assets-management,1,READY_FOR_NEW_UI
QST-9qdj97kmt1m5,lot-06-twig.yml,lot-06,Templating with Twig,OIT-3r7rp470754w,Debugging variables,hard,single,1,1,4,UNDERSTAND,DISTINGUISH,CONCEPT_DISTINCTION,,45,OUT-e93qx0gj8t90,CRS-vx5kvfhs0p0s,/docs/courses/lot-06/debugging-variables,1,CODE_INLINE_PRESENT
QST-tk7sqrt8mcwa,lot-06-twig.yml,lot-06,Templating with Twig,OIT-3r7rp470754w,Debugging variables,medium,single,1,1,4,UNDERSTAND,DIAGNOSE,BEHAVIOR_DIAGNOSIS,,60,OUT-sbmhyzyq1vde,CRS-vx5kvfhs0p0s,/docs/courses/lot-06/debugging-variables,1,READY_FOR_NEW_UI
QST-4esy1va2d7sm,lot-06-twig.yml,lot-06,Templating with Twig,OIT-b9x8az2bx4t8,TwigBundle,medium,single,1,1,4,UNDERSTAND,DISTINGUISH,CONFIG_BEHAVIOR,,45,OUT-fe5bp6xb3w5m,CRS-2bj91rj9kvj0,/docs/courses/lot-06/twigbundle,1,READY_FOR_NEW_UI
QST-tc6x9gaeaawa,lot-06-twig.yml,lot-06,Templating with Twig,OIT-b9x8az2bx4t8,TwigBundle,easy,single,1,1,4,APPLY,RECOGNIZE,SCENARIO_CHOICE,,45,OUT-kd4ywvpax765,CRS-2bj91rj9kvj0,/docs/courses/lot-06/twigbundle,1,READY_FOR_NEW_UI
QST-vxqaxft9nswc,lot-06-twig.yml,lot-06,Templating with Twig,OIT-vhd83fn6w9wy,Twig syntax up to 3.22 version,hard,single,1,1,4,UNDERSTAND,DISTINGUISH,CONCEPT_DISTINCTION,,45,OUT-xpcwsqhycgnr,CRS-x2f8reencvcs,/docs/courses/lot-06/twig-syntax-up-to-3-22-version,1,CODE_INLINE_PRESENT
QST-437w1twfyb1t,lot-06-twig.yml,lot-06,Templating with Twig,OIT-vhd83fn6w9wy,Twig syntax up to 3.22 version,medium,single,1,1,4,APPLY,DIAGNOSE,BEHAVIOR_DIAGNOSIS,,45,OUT-je4qjh1s6yw0,CRS-x2f8reencvcs,/docs/courses/lot-06/twig-syntax-up-to-3-22-version,1,READY_FOR_NEW_UI
QST-vkh4y12c3cpt,lot-06-twig.yml,lot-06,Templating with Twig,OIT-ns36thqnh2jk,Auto escaping,medium,single,1,1,4,APPLY,DIAGNOSE,SCENARIO_CHOICE,,45,OUT-mhbzxr5470xc,CRS-w82wtddwhexg,/docs/courses/lot-06/auto-escaping,1,READY_FOR_NEW_UI
QST-3jktevqe7e4z,lot-06-twig.yml,lot-06,Templating with Twig,OIT-g3p8wdtww344,Template inheritance,hard,single,1,1,4,UNDERSTAND,DISTINGUISH,CONCEPT_DISTINCTION,,45,OUT-qbyeeh719t3d,CRS-k3v3wrt0hmtx,/docs/courses/lot-06/template-inheritance,1,CODE_INLINE_PRESENT
QST-3q73gtbejzs9,lot-06-twig.yml,lot-06,Templating with Twig,OIT-dp7w7s85wxjg,Global variables,medium,single,1,1,4,APPLY,DIAGNOSE,BEHAVIOR_DIAGNOSIS,,45,OUT-r9kjw1fha5yx,CRS-r56yzzb4pye2,/docs/courses/lot-06/global-variables,1,READY_FOR_NEW_UI
QST-xjrz53pys43n,lot-06-twig.yml,lot-06,Templating with Twig,OIT-sqekx9pkbe5v,Filters and functions,medium,single,1,1,4,APPLY,DIAGNOSE,BEHAVIOR_DIAGNOSIS,,45,OUT-thp60dyg5ccw,CRS-306ppg4454wj,/docs/courses/lot-06/filters-and-functions,1,READY_FOR_NEW_UI
QST-x6hct0fk94df,lot-06-twig.yml,lot-06,Templating with Twig,OIT-sqekx9pkbe5v,Filters and functions,medium,single,1,1,4,UNDERSTAND,DISTINGUISH,CONCEPT_DISTINCTION,,45,OUT-2x8ake8z462h,CRS-306ppg4454wj,/docs/courses/lot-06/filters-and-functions,2,READY_FOR_NEW_UI
QST-wdcqnxyjxmwr,lot-06-twig.yml,lot-06,Templating with Twig,OIT-ds2p5d4eg0pq,Template includes,medium,single,1,1,4,UNDERSTAND,DISTINGUISH,CONCEPT_DISTINCTION,,45,OUT-2dk5sjxn9j7s,CRS-w83y6pfa5edn,/docs/courses/lot-06/template-includes,1,READY_FOR_NEW_UI
QST-akcaxcyx59em,lot-06-twig.yml,lot-06,Templating with Twig,OIT-84j0qwkbcgq6,Loops and conditions,easy,single,1,1,4,APPLY,DIAGNOSE,BEHAVIOR_DIAGNOSIS,,45,OUT-n2sny821kd8p,CRS-zbnzvqkhjknh,/docs/courses/lot-06/loops-and-conditions,1,READY_FOR_NEW_UI
QST-p2safjk7jebk,lot-06-twig.yml,lot-06,Templating with Twig,OIT-84j0qwkbcgq6,Loops and conditions,medium,single,1,1,4,UNDERSTAND,DISTINGUISH,CONCEPT_DISTINCTION,,45,OUT-j1qtw6ccaxqg,CRS-zbnzvqkhjknh,/docs/courses/lot-06/loops-and-conditions,2,READY_FOR_NEW_UI
QST-sqqd8k2j3whr,lot-06-twig.yml,lot-06,Templating with Twig,OIT-yh6zx9shv9vs,URLs generation,easy,single,1,1,4,APPLY,DIAGNOSE,SCENARIO_CHOICE,,45,OUT-b6ffjb05rkmr,CRS-dpbpbgwjey5c,/docs/courses/lot-06/urls-generation,1,READY_FOR_NEW_UI
QST-rmsv83rmgrz3,lot-06-twig.yml,lot-06,Templating with Twig,OIT-c34hn4px3czj,Controller rendering,medium,single,1,1,4,APPLY,DIAGNOSE,SCENARIO_CHOICE,,45,OUT-hxf3hmdmh40t,CRS-yw6c5hq2mbax,/docs/courses/lot-06/controller-rendering,1,CODE_INLINE_PRESENT
QST-jqzvr77chwgm,lot-06-twig.yml,lot-06,Templating with Twig,OIT-sd08j04k60m0,Translations and pluralization,hard,single,1,1,4,APPLY,DIAGNOSE,BEHAVIOR_DIAGNOSIS,,45,OUT-eh8yg0599jp9,CRS-q18xc1k4yvb9,/docs/courses/lot-06/translations-and-pluralization,1,READY_FOR_NEW_UI
QST-m2nq5zddhjgz,lot-06-twig.yml,lot-06,Templating with Twig,OIT-sd08j04k60m0,Translations and pluralization,medium,single,1,1,4,UNDERSTAND,DISTINGUISH,CONCEPT_DISTINCTION,,45,OUT-ke17qw8mxwms,CRS-q18xc1k4yvb9,/docs/courses/lot-06/translations-and-pluralization,1,READY_FOR_NEW_UI
QST-we3a51yqq13x,lot-06-twig.yml,lot-06,Templating with Twig,OIT-sd08j04k60m0,Translations and pluralization,hard,single,1,1,4,UNDERSTAND,DISTINGUISH,CONCEPT_DISTINCTION,,45,OUT-txry0vy6q09r,CRS-q18xc1k4yvb9,/docs/courses/lot-06/translations-and-pluralization,1,READY_FOR_NEW_UI
QST-rxg3j4z5164e,lot-06-twig.yml,lot-06,Templating with Twig,OIT-30gnb617ksex,String interpolation,medium,single,1,1,4,APPLY,DIAGNOSE,BEHAVIOR_DIAGNOSIS,,45,OUT-tf752s70s9sw,CRS-dfyab4kpcapw,/docs/courses/lot-06/string-interpolation,1,READY_FOR_NEW_UI
QST-4c6a5d9cnbwq,lot-06-twig.yml,lot-06,Templating with Twig,OIT-3r7rp470754w,Debugging variables,hard,single,1,1,4,APPLY,DIAGNOSE,BEHAVIOR_DIAGNOSIS,,45,OUT-5qgcf97r7ze3,CRS-vx5kvfhs0p0s,/docs/courses/lot-06/debugging-variables,1,READY_FOR_NEW_UI
QST-a4xhs81g86kj,lot-07-forms.yml,lot-07,Forms,OIT-tsxxgp3ppj1n,Form component,medium,single,1,1,4,KNOW,RECOGNIZE,DEFINITION_RECALL,,45,OUT-xysy1a4vx444,CRS-txp6tjhjtfy8,/docs/courses/lot-07/form-component,1,READY_FOR_NEW_UI
QST-174t76nj5hh1,lot-07-forms.yml,lot-07,Forms,OIT-tsxxgp3ppj1n,Form component,hard,single,1,1,4,UNDERSTAND,DIAGNOSE,BEHAVIOR_DIAGNOSIS,,60,OUT-xysy1a4vx444,CRS-txp6tjhjtfy8,/docs/courses/lot-07/form-component,1,READY_FOR_NEW_UI
QST-b4y5mz01a7na,lot-07-forms.yml,lot-07,Forms,OIT-fhpttc4c5x0k,Forms creation,medium,single,1,1,4,APPLY,DIAGNOSE,SCENARIO_CHOICE,,45,OUT-pe7s3cdg6fgb,CRS-8msvfwe13mpb,/docs/courses/lot-07/forms-creation,1,CODE_INLINE_PRESENT
QST-6ygjf6k55wpk,lot-07-forms.yml,lot-07,Forms,OIT-fhpttc4c5x0k,Forms creation,medium,single,1,1,4,KNOW,RECOGNIZE,DEFINITION_RECALL,,45,OUT-04d4xdarmk8w,CRS-8msvfwe13mpb,/docs/courses/lot-07/forms-creation,1,READY_FOR_NEW_UI
QST-zkgdt4kc1h0g,lot-07-forms.yml,lot-07,Forms,OIT-mgvdw7cfpwyz,Forms handling,hard,single,1,1,4,APPLY,DIAGNOSE,BEHAVIOR_DIAGNOSIS,,60,OUT-68682qbtydht,CRS-nfkzx2s1n3r3,/docs/courses/lot-07/forms-handling,1,READY_FOR_NEW_UI
QST-fy9ptsw9q7d7,lot-07-forms.yml,lot-07,Forms,OIT-mgvdw7cfpwyz,Forms handling,hard,single,1,1,4,UNDERSTAND,DIAGNOSE,BEHAVIOR_DIAGNOSIS,,60,OUT-mj8bjkemt33a,CRS-nfkzx2s1n3r3,/docs/courses/lot-07/forms-handling,1,CODE_INLINE_PRESENT
QST-hhxx71xmb9jk,lot-07-forms.yml,lot-07,Forms,OIT-5xvjqa4203xe,Form types (built-in and custom),medium,single,1,1,4,UNDERSTAND,DISTINGUISH,CONCEPT_DISTINCTION,,45,OUT-dstzcbzx0kt7,CRS-f9pen0bdyrr9,/docs/courses/lot-07/form-types-built-in-and-custom,1,READY_FOR_NEW_UI
QST-yyzehfrg9w4n,lot-07-forms.yml,lot-07,Forms,OIT-5xvjqa4203xe,Form types (built-in and custom),medium,single,1,1,4,KNOW,RECOGNIZE,API_SIGNATURE,,45,OUT-0ztsd5vjbe72,CRS-f9pen0bdyrr9,/docs/courses/lot-07/form-types-built-in-and-custom,1,READY_FOR_NEW_UI
QST-nnj43wzztp2y,lot-07-forms.yml,lot-07,Forms,OIT-gxew257vwhm8,Forms rendering with Twig,hard,single,1,1,4,APPLY,DIAGNOSE,BEHAVIOR_DIAGNOSIS,,60,OUT-nmcf66pedj3a,CRS-b5nj93xzz10b,/docs/courses/lot-07/forms-rendering-with-twig,1,READY_FOR_NEW_UI
QST-4915capts8mb,lot-07-forms.yml,lot-07,Forms,OIT-gxew257vwhm8,Forms rendering with Twig,medium,single,1,1,4,UNDERSTAND,DISTINGUISH,CONCEPT_DISTINCTION,,45,OUT-5ccs7c2daq4f,CRS-b5nj93xzz10b,/docs/courses/lot-07/forms-rendering-with-twig,1,READY_FOR_NEW_UI
QST-6tbd9rk49r20,lot-07-forms.yml,lot-07,Forms,OIT-j2vjdxcer4ft,Forms theming,hard,single,1,1,4,APPLY,DIAGNOSE,SCENARIO_CHOICE,,60,OUT-zphxh7z24zht,CRS-r3xywnpwrwh7,/docs/courses/lot-07/forms-theming,1,READY_FOR_NEW_UI
QST-psfqmcny5kpw,lot-07-forms.yml,lot-07,Forms,OIT-j2vjdxcer4ft,Forms theming,hard,single,1,1,4,UNDERSTAND,DIAGNOSE,BEHAVIOR_DIAGNOSIS,,60,OUT-yz2mbwg9ee93,CRS-r3xywnpwrwh7,/docs/courses/lot-07/forms-theming,1,READY_FOR_NEW_UI
QST-z6w320n9hz0m,lot-07-forms.yml,lot-07,Forms,OIT-dmkbj2x94rks,CSRF protection,medium,single,1,1,4,UNDERSTAND,DIAGNOSE,BEHAVIOR_DIAGNOSIS,,45,OUT-nhv282ce36br,CRS-0yhqc0b1q7hz,/docs/courses/lot-07/csrf-protection,1,READY_FOR_NEW_UI
QST-8xa0cc55zffm,lot-07-forms.yml,lot-07,Forms,OIT-dmkbj2x94rks,CSRF protection,medium,single,1,1,4,KNOW,RECOGNIZE,DEFINITION_RECALL,,45,OUT-9may3eay9wcj,CRS-0yhqc0b1q7hz,/docs/courses/lot-07/csrf-protection,1,READY_FOR_NEW_UI
QST-h3r0j23kcfbe,lot-07-forms.yml,lot-07,Forms,OIT-j6tqs8s8f54f,Handling file upload,medium,single,1,1,4,APPLY,DIAGNOSE,API_SIGNATURE,,45,OUT-9qanndr176yx|OUT-2swcsdfcjqwc,CRS-cpvcczhj7bzx,/docs/courses/lot-07/handling-file-upload,1,CODE_INLINE_PRESENT
QST-5vpn3hptj28b,lot-07-forms.yml,lot-07,Forms,OIT-j6tqs8s8f54f,Handling file upload,medium,single,1,1,4,UNDERSTAND,DIAGNOSE,CONCEPT_DISTINCTION,,45,OUT-zd387nyydnm7,CRS-cpvcczhj7bzx,/docs/courses/lot-07/handling-file-upload,1,READY_FOR_NEW_UI
QST-kr1xezgf2gp6,lot-07-forms.yml,lot-07,Forms,OIT-p810t98zedem,Built-in form types,medium,single,1,1,4,APPLY,DIAGNOSE,BEHAVIOR_DIAGNOSIS,,45,OUT-zq43jp3a97gg,CRS-zsgx3tvpy1kn,/docs/courses/lot-07/built-in-form-types,1,READY_FOR_NEW_UI
QST-1hb2524n0hsk,lot-07-forms.yml,lot-07,Forms,OIT-p810t98zedem,Built-in form types,medium,single,1,1,4,KNOW,RECOGNIZE,DEFINITION_RECALL,,45,OUT-0a3jcmk5066b,CRS-zsgx3tvpy1kn,/docs/courses/lot-07/built-in-form-types,1,READY_FOR_NEW_UI
QST-bj8py053ynmp,lot-07-forms.yml,lot-07,Forms,OIT-58r9dadx916v,Data transformers,hard,single,1,1,4,UNDERSTAND,DIAGNOSE,CONCEPT_DISTINCTION,,60,OUT-3bw24kwks403,CRS-cj36gys6vatx,/docs/courses/lot-07/data-transformers,1,READY_FOR_NEW_UI
QST-xa0hazmsb5mc,lot-07-forms.yml,lot-07,Forms,OIT-58r9dadx916v,Data transformers,hard,single,1,1,4,UNDERSTAND,DIAGNOSE,BEHAVIOR_DIAGNOSIS,,60,OUT-hayngfr60z78,CRS-cj36gys6vatx,/docs/courses/lot-07/data-transformers,1,READY_FOR_NEW_UI
QST-ra9z9d42ddqa,lot-07-forms.yml,lot-07,Forms,OIT-v7zyhcm44m88,Form events,hard,single,1,1,4,APPLY,DIAGNOSE,SEQUENCE_ORDER,,60,OUT-jz8pzthzk661,CRS-b2pn9zz55e4n,/docs/courses/lot-07/form-events,1,READY_FOR_NEW_UI
QST-tv47j0hjexr0,lot-07-forms.yml,lot-07,Forms,OIT-v7zyhcm44m88,Form events,hard,single,1,1,4,UNDERSTAND,DIAGNOSE,DEFINITION_RECALL,,60,OUT-eyj84n4wy8wg,CRS-b2pn9zz55e4n,/docs/courses/lot-07/form-events,1,READY_FOR_NEW_UI
QST-5x6x0fgxqk43,lot-07-forms.yml,lot-07,Forms,OIT-v7zyhcm44m88,Form events,hard,single,1,1,4,APPLY,DIAGNOSE,CONCEPT_DISTINCTION,,60,OUT-xj0demzqg8ct|OUT-0sq5c8vams1s,CRS-b2pn9zz55e4n,/docs/courses/lot-07/form-events,1,READY_FOR_NEW_UI
QST-mc97gbqdk57v,lot-07-forms.yml,lot-07,Forms,OIT-gcs0jathkv9b,Form type extensions,medium,single,1,1,4,UNDERSTAND,DISTINGUISH,API_SIGNATURE,,45,OUT-htzhn298zev4,CRS-k4ejsd624d1p,/docs/courses/lot-07/form-type-extensions,1,CODE_INLINE_PRESENT
QST-vp34fa6btm3y,lot-07-forms.yml,lot-07,Forms,OIT-gcs0jathkv9b,Form type extensions,medium,single,1,1,4,UNDERSTAND,DISTINGUISH,CONCEPT_DISTINCTION,,45,OUT-9f0hg26eqmze,CRS-k4ejsd624d1p,/docs/courses/lot-07/form-type-extensions,1,READY_FOR_NEW_UI
QST-7ef7528zsm5p,lot-07-forms.yml,lot-07,Forms,OIT-rj9web4whgmz,Form options (OptionsResolver component),medium,single,1,1,4,UNDERSTAND,DISTINGUISH,CONCEPT_DISTINCTION,,45,OUT-whjhhhcq1kg3,CRS-pchb259hnbh3,/docs/courses/lot-07/form-options-optionsresolver-component,1,READY_FOR_NEW_UI
QST-0gsam1vp228d,lot-07-forms.yml,lot-07,Forms,OIT-rj9web4whgmz,Form options (OptionsResolver component),hard,single,1,1,4,APPLY,DIAGNOSE,SCENARIO_CHOICE,,60,OUT-rz5njbv8fvrm,CRS-pchb259hnbh3,/docs/courses/lot-07/form-options-optionsresolver-component,1,READY_FOR_NEW_UI
QST-ct51dexfx1vd,lot-07-forms.yml,lot-07,Forms,OIT-tsxxgp3ppj1n,Form component,easy,single,1,1,4,UNDERSTAND,DISTINGUISH,CONCEPT_DISTINCTION,,45,OUT-teejhc73n9se,CRS-txp6tjhjtfy8,/docs/courses/lot-07/form-component,1,READY_FOR_NEW_UI
QST-a50hsn4hz0ac,lot-07-forms.yml,lot-07,Forms,OIT-tsxxgp3ppj1n,Form component,medium,single,1,1,4,UNDERSTAND,DISTINGUISH,CONCEPT_DISTINCTION,,45,OUT-hqxn9f5pmxnp,CRS-txp6tjhjtfy8,/docs/courses/lot-07/form-component,1,READY_FOR_NEW_UI
QST-t8erjc9b609g,lot-07-forms.yml,lot-07,Forms,OIT-fhpttc4c5x0k,Forms creation,medium,single,1,1,4,APPLY,DIAGNOSE,SCENARIO_CHOICE,,45,OUT-nafaf5j5xy59,CRS-8msvfwe13mpb,/docs/courses/lot-07/forms-creation,1,READY_FOR_NEW_UI
QST-ypbv08h18qzf,lot-07-forms.yml,lot-07,Forms,OIT-fhpttc4c5x0k,Forms creation,easy,single,1,1,4,KNOW,RECOGNIZE,API_SIGNATURE,,45,OUT-5dydayznyx68,CRS-8msvfwe13mpb,/docs/courses/lot-07/forms-creation,1,CODE_INLINE_PRESENT
QST-zmw8se19hm38,lot-07-forms.yml,lot-07,Forms,OIT-mgvdw7cfpwyz,Forms handling,medium,single,1,1,4,APPLY,DIAGNOSE,SCENARIO_CHOICE,,45,OUT-y3ytkg8qf2rc,CRS-nfkzx2s1n3r3,/docs/courses/lot-07/forms-handling,1,READY_FOR_NEW_UI
QST-1h2rez4vq4r2,lot-07-forms.yml,lot-07,Forms,OIT-mgvdw7cfpwyz,Forms handling,hard,single,1,1,4,APPLY,DIAGNOSE,BEHAVIOR_DIAGNOSIS,,45,OUT-hkxn2p2xjmg7,CRS-nfkzx2s1n3r3,/docs/courses/lot-07/forms-handling,1,READY_FOR_NEW_UI
QST-c3kjx34a31md,lot-07-forms.yml,lot-07,Forms,OIT-5xvjqa4203xe,Form types (built-in and custom),medium,single,1,1,4,UNDERSTAND,DISTINGUISH,CONCEPT_DISTINCTION,,45,OUT-kevx5cz60q4s,CRS-f9pen0bdyrr9,/docs/courses/lot-07/form-types-built-in-and-custom,1,READY_FOR_NEW_UI
QST-04kqsfdb0gr0,lot-07-forms.yml,lot-07,Forms,OIT-5xvjqa4203xe,Form types (built-in and custom),hard,single,1,1,4,UNDERSTAND,DISTINGUISH,CONCEPT_DISTINCTION,,45,OUT-tq1etfz8r98x,CRS-f9pen0bdyrr9,/docs/courses/lot-07/form-types-built-in-and-custom,2,READY_FOR_NEW_UI
QST-rvne7kjg6j5v,lot-07-forms.yml,lot-07,Forms,OIT-gxew257vwhm8,Forms rendering with Twig,medium,single,1,1,4,APPLY,DIAGNOSE,SCENARIO_CHOICE,,45,OUT-zembn60q8907,CRS-b5nj93xzz10b,/docs/courses/lot-07/forms-rendering-with-twig,2,READY_FOR_NEW_UI
QST-9wnradgcgyvz,lot-07-forms.yml,lot-07,Forms,OIT-j2vjdxcer4ft,Forms theming,hard,single,1,1,4,UNDERSTAND,DISTINGUISH,SEQUENCE_ORDER,,45,OUT-tdmyt1j1t4xx,CRS-r3xywnpwrwh7,/docs/courses/lot-07/forms-theming,1,READY_FOR_NEW_UI
QST-w6bjkbw00rmt,lot-07-forms.yml,lot-07,Forms,OIT-j2vjdxcer4ft,Forms theming,medium,single,1,1,4,KNOW,RECOGNIZE,DEFINITION_RECALL,,45,OUT-ak7tm95dph6x,CRS-r3xywnpwrwh7,/docs/courses/lot-07/forms-theming,1,READY_FOR_NEW_UI
QST-5ynp5c9e17qw,lot-07-forms.yml,lot-07,Forms,OIT-dmkbj2x94rks,CSRF protection,medium,single,1,1,4,UNDERSTAND,DIAGNOSE,BEHAVIOR_DIAGNOSIS,,45,OUT-p1tsfr91bmqy,CRS-0yhqc0b1q7hz,/docs/courses/lot-07/csrf-protection,1,READY_FOR_NEW_UI
QST-7e29spfp304x,lot-07-forms.yml,lot-07,Forms,OIT-dmkbj2x94rks,CSRF protection,hard,single,1,1,4,UNDERSTAND,DISTINGUISH,CONCEPT_DISTINCTION,,45,OUT-vtp031jk3dbg,CRS-0yhqc0b1q7hz,/docs/courses/lot-07/csrf-protection,1,READY_FOR_NEW_UI
QST-882rztd8f5fc,lot-07-forms.yml,lot-07,Forms,OIT-p810t98zedem,Built-in form types,medium,single,1,1,4,UNDERSTAND,DISTINGUISH,CONCEPT_DISTINCTION,,45,OUT-41xcqcjzrmm1,CRS-zsgx3tvpy1kn,/docs/courses/lot-07/built-in-form-types,1,READY_FOR_NEW_UI
QST-s02tz29zxp2g,lot-07-forms.yml,lot-07,Forms,OIT-p810t98zedem,Built-in form types,medium,single,1,1,4,KNOW,RECOGNIZE,DEFINITION_RECALL,,45,OUT-pesfrvtg5qj0,CRS-zsgx3tvpy1kn,/docs/courses/lot-07/built-in-form-types,1,READY_FOR_NEW_UI
QST-rcbeqstzndek,lot-07-forms.yml,lot-07,Forms,OIT-58r9dadx916v,Data transformers,hard,single,1,1,4,APPLY,DIAGNOSE,BEHAVIOR_DIAGNOSIS,,45,OUT-gecgdnzrpa06,CRS-cj36gys6vatx,/docs/courses/lot-07/data-transformers,1,READY_FOR_NEW_UI
QST-bn1rbrz3c7pr,lot-07-forms.yml,lot-07,Forms,OIT-v7zyhcm44m88,Form events,hard,single,1,1,4,UNDERSTAND,DISTINGUISH,SEQUENCE_ORDER,,45,OUT-v8srdqc4xxjy,CRS-b2pn9zz55e4n,/docs/courses/lot-07/form-events,1,READY_FOR_NEW_UI
QST-ffbr017rjbwd,lot-07-forms.yml,lot-07,Forms,OIT-gcs0jathkv9b,Form type extensions,medium,single,1,1,4,APPLY,DIAGNOSE,SCENARIO_CHOICE,,45,OUT-9d91memjprhk,CRS-k4ejsd624d1p,/docs/courses/lot-07/form-type-extensions,1,READY_FOR_NEW_UI
QST-gbb1dez9gmt4,lot-07-forms.yml,lot-07,Forms,OIT-gcs0jathkv9b,Form type extensions,medium,single,1,1,4,KNOW,RECOGNIZE,CONFIG_BEHAVIOR,,45,OUT-j3nk4sk7h02m,CRS-k4ejsd624d1p,/docs/courses/lot-07/form-type-extensions,1,READY_FOR_NEW_UI
QST-g1dczt41g8d2,lot-07-forms.yml,lot-07,Forms,OIT-rj9web4whgmz,Form options (OptionsResolver component),hard,single,1,1,4,UNDERSTAND,DIAGNOSE,BEHAVIOR_DIAGNOSIS,,45,OUT-jc8c1h1nznhd,CRS-pchb259hnbh3,/docs/courses/lot-07/form-options-optionsresolver-component,1,READY_FOR_NEW_UI
QST-mfsa4gjwmnxf,lot-07-forms.yml,lot-07,Forms,OIT-rj9web4whgmz,Form options (OptionsResolver component),medium,single,1,1,4,APPLY,DIAGNOSE,BEHAVIOR_DIAGNOSIS,,45,OUT-c7879v7m2pqb,CRS-pchb259hnbh3,/docs/courses/lot-07/form-options-optionsresolver-component,1,READY_FOR_NEW_UI
QST-ga6bhvbf0ecp,lot-08-data-validation.yml,lot-08,Data Validation,OIT-6wd8860brzfy,Validator component,medium,single,1,1,4,UNDERSTAND,DIAGNOSE,BEHAVIOR_DIAGNOSIS,,50,OUT-0enczxzp4pwq,CRS-way4aktj2d5m,/docs/courses/lot-08/validator-component,1,CODE_INLINE_PRESENT
QST-m5f3k7za0tpt,lot-08-data-validation.yml,lot-08,Data Validation,OIT-6wd8860brzfy,Validator component,hard,single,1,1,4,APPLY,RECOGNIZE,API_SIGNATURE,,55,OUT-kgffdypsnscc,CRS-way4aktj2d5m,/docs/courses/lot-08/validator-component,1,CODE_INLINE_PRESENT
QST-g22z7fmy0cg3,lot-08-data-validation.yml,lot-08,Data Validation,OIT-d3yp0sq36xrx,PHP object validation,hard,single,1,1,4,APPLY,DIAGNOSE,SCENARIO_CHOICE,,55,OUT-mqjbbf32kjca,CRS-ax2v94pgbk0g,/docs/courses/lot-08/php-object-validation,1,CODE_INLINE_PRESENT
QST-6snh12yz2gz2,lot-08-data-validation.yml,lot-08,Data Validation,OIT-d3yp0sq36xrx,PHP object validation,hard,single,1,1,4,UNDERSTAND,DISTINGUISH,CONCEPT_DISTINCTION,,55,OUT-wmvdnjq75f68,CRS-ax2v94pgbk0g,/docs/courses/lot-08/php-object-validation,1,READY_FOR_NEW_UI
QST-9zsx244xw271,lot-08-data-validation.yml,lot-08,Data Validation,OIT-9x3strrjdng7,Built-in validation constraints,medium,single,1,1,4,APPLY,DISTINGUISH,SCENARIO_CHOICE,,50,OUT-wkzdab0t8y8n,CRS-569y6hb7fwj5,/docs/courses/lot-08/built-in-validation-constraints,1,READY_FOR_NEW_UI
QST-fh0eh8ct9m8r,lot-08-data-validation.yml,lot-08,Data Validation,OIT-9x3strrjdng7,Built-in validation constraints,medium,single,1,1,4,APPLY,RECOGNIZE,SCENARIO_CHOICE,,45,OUT-ca39zvmah4sj,CRS-569y6hb7fwj5,/docs/courses/lot-08/built-in-validation-constraints,1,READY_FOR_NEW_UI
QST-5ryp5r5qg631,lot-08-data-validation.yml,lot-08,Data Validation,OIT-ttwpe00f32q9,Validation scopes,hard,single,1,1,4,APPLY,DIAGNOSE,BEHAVIOR_DIAGNOSIS,,55,OUT-wdhsjrrpmggk,CRS-wzmrks85zyh1,/docs/courses/lot-08/validation-scopes,1,CODE_INLINE_PRESENT
QST-6sxdmsbatps8,lot-08-data-validation.yml,lot-08,Data Validation,OIT-ttwpe00f32q9,Validation scopes,medium,single,1,1,4,APPLY,DISTINGUISH,SCENARIO_CHOICE,,50,OUT-v2t6031e9x7s,CRS-wzmrks85zyh1,/docs/courses/lot-08/validation-scopes,1,READY_FOR_NEW_UI
QST-1c6zphv3dzgc,lot-08-data-validation.yml,lot-08,Data Validation,OIT-kkhb3wd341ex,Validation groups,medium,single,1,1,4,APPLY,DIAGNOSE,BEHAVIOR_DIAGNOSIS,,50,OUT-s73ykpqy5sch,CRS-vskyr5zdwr2t,/docs/courses/lot-08/validation-groups,1,CODE_INLINE_PRESENT
QST-znrf5tj46jjt,lot-08-data-validation.yml,lot-08,Data Validation,OIT-kkhb3wd341ex,Validation groups,hard,single,1,1,4,UNDERSTAND,RECOGNIZE,DEFINITION_RECALL,,55,OUT-yme605pqpcbw,CRS-vskyr5zdwr2t,/docs/courses/lot-08/validation-groups,1,READY_FOR_NEW_UI
QST-467dyvf9ht74,lot-08-data-validation.yml,lot-08,Data Validation,OIT-rwavvsx2d7nq,Group sequence,hard,single,1,1,4,APPLY,DIAGNOSE,BEHAVIOR_DIAGNOSIS,,60,OUT-b5t21ax5y3aq,CRS-bthv5xmh5wea,/docs/courses/lot-08/group-sequence,1,CODE_INLINE_PRESENT
QST-h9d44gg643q8,lot-08-data-validation.yml,lot-08,Data Validation,OIT-rwavvsx2d7nq,Group sequence,hard,single,1,1,4,APPLY,DIAGNOSE,BEHAVIOR_DIAGNOSIS,,60,OUT-w45gx8dhzkr1,CRS-bthv5xmh5wea,/docs/courses/lot-08/group-sequence,1,CODE_INLINE_PRESENT
QST-0hcwz5ma0vpr,lot-08-data-validation.yml,lot-08,Data Validation,OIT-rwavvsx2d7nq,Group sequence,hard,single,1,1,4,UNDERSTAND,DISTINGUISH,CONCEPT_DISTINCTION,,65,OUT-kbx7xfhhm46j,CRS-bthv5xmh5wea,/docs/courses/lot-08/group-sequence,1,READY_FOR_NEW_UI
QST-mhm4eqjg10s2,lot-08-data-validation.yml,lot-08,Data Validation,OIT-hcdrp2y7kbct,Custom callback validators,hard,single,1,1,4,UNDERSTAND,RECOGNIZE,API_SIGNATURE,,55,OUT-fh85dvq5wq94,CRS-96w05v20b8w1,/docs/courses/lot-08/custom-callback-validators,1,CODE_INLINE_PRESENT
QST-569d837g7cjg,lot-08-data-validation.yml,lot-08,Data Validation,OIT-hcdrp2y7kbct,Custom callback validators,medium,single,1,1,4,APPLY,DIAGNOSE,BEHAVIOR_DIAGNOSIS,,50,OUT-3mgrr61v77zn,CRS-96w05v20b8w1,/docs/courses/lot-08/custom-callback-validators,1,READY_FOR_NEW_UI
QST-egqjqhe0s1vv,lot-08-data-validation.yml,lot-08,Data Validation,OIT-0wnxbapegqhv,Violations builder,hard,single,1,1,4,APPLY,DIAGNOSE,BEHAVIOR_DIAGNOSIS,,55,OUT-y8sak1s2672z,CRS-d235sja3h7y2,/docs/courses/lot-08/violations-builder,1,CODE_INLINE_PRESENT
QST-r3bv4np3ttcs,lot-08-data-validation.yml,lot-08,Data Validation,OIT-0wnxbapegqhv,Violations builder,medium,single,1,1,4,APPLY,RECOGNIZE,API_SIGNATURE,,50,OUT-nb6w1gbs0ndt,CRS-d235sja3h7y2,/docs/courses/lot-08/violations-builder,1,CODE_INLINE_PRESENT
QST-aahvpedaf1ne,lot-08-data-validation.yml,lot-08,Data Validation,OIT-6wd8860brzfy,Validator component,medium,single,1,1,4,KNOW,RECOGNIZE,API_SIGNATURE,,45,OUT-wsh6jsvs5s6f,CRS-way4aktj2d5m,/docs/courses/lot-08/validator-component,1,READY_FOR_NEW_UI
QST-56renepg88tq,lot-08-data-validation.yml,lot-08,Data Validation,OIT-9x3strrjdng7,Built-in validation constraints,medium,single,1,1,4,UNDERSTAND,DISTINGUISH,CONCEPT_DISTINCTION,,45,OUT-zxecwdwyhgng,CRS-569y6hb7fwj5,/docs/courses/lot-08/built-in-validation-constraints,1,READY_FOR_NEW_UI
QST-8zqhmc0hwvhj,lot-08-data-validation.yml,lot-08,Data Validation,OIT-hcdrp2y7kbct,Custom callback validators,hard,single,1,1,4,UNDERSTAND,DISTINGUISH,API_SIGNATURE,,45,OUT-4637w32xw9y8,CRS-96w05v20b8w1,/docs/courses/lot-08/custom-callback-validators,1,READY_FOR_NEW_UI
QST-m2hsqcvcwrej,lot-08-data-validation.yml,lot-08,Data Validation,OIT-0wnxbapegqhv,Violations builder,medium,single,1,1,4,UNDERSTAND,DISTINGUISH,CONCEPT_DISTINCTION,,45,OUT-x2rv3kwasf88,CRS-d235sja3h7y2,/docs/courses/lot-08/violations-builder,1,READY_FOR_NEW_UI
QST-bkff08xmt369,lot-09-dependency-injection.yml,lot-09,Dependency Injection,OIT-92ctf3sy3ddk,Dependency Injection component,medium,single,1,1,4,UNDERSTAND,DISTINGUISH,CONCEPT_DISTINCTION,,50,OUT-svr2vz7ebkv7,CRS-htvm3b1gas0d,/docs/courses/lot-09/dependency-injection-component,1,READY_FOR_NEW_UI
QST-ttahda62q0me,lot-09-dependency-injection.yml,lot-09,Dependency Injection,OIT-92ctf3sy3ddk,Dependency Injection component,medium,single,1,1,4,APPLY,RECOGNIZE,SCENARIO_CHOICE,,50,OUT-6ah70qtk60fe,CRS-htvm3b1gas0d,/docs/courses/lot-09/dependency-injection-component,1,CODE_INLINE_PRESENT
QST-b9cxe8hzrxnz,lot-09-dependency-injection.yml,lot-09,Dependency Injection,OIT-79f4n087b66c,Service container,hard,single,1,1,4,APPLY,DIAGNOSE,BEHAVIOR_DIAGNOSIS,,55,OUT-rx9sxdh2gjgm,CRS-p1694d5f7r8c,/docs/courses/lot-09/service-container,1,CODE_INLINE_PRESENT
QST-8cz03w4xazh4,lot-09-dependency-injection.yml,lot-09,Dependency Injection,OIT-79f4n087b66c,Service container,medium,single,1,1,4,UNDERSTAND,RECOGNIZE,API_SIGNATURE,,50,OUT-21rjj7sevj21,CRS-p1694d5f7r8c,/docs/courses/lot-09/service-container,1,READY_FOR_NEW_UI
QST-0mgw5r64r7pf,lot-09-dependency-injection.yml,lot-09,Dependency Injection,OIT-dy7108w6bf4z,Built-in services,easy,single,1,1,4,KNOW,RECOGNIZE,API_SIGNATURE,,40,OUT-gg02aw655bat,CRS-jtkmpfp3nwzk,/docs/courses/lot-09/built-in-services,1,READY_FOR_NEW_UI
QST-8ejeqdapg6aq,lot-09-dependency-injection.yml,lot-09,Dependency Injection,OIT-dy7108w6bf4z,Built-in services,medium,single,1,1,4,UNDERSTAND,RECOGNIZE,DEFINITION_RECALL,,50,OUT-q8fq5v0gn6nh,CRS-jtkmpfp3nwzk,/docs/courses/lot-09/built-in-services,1,READY_FOR_NEW_UI
QST-p6eftemqgsfx,lot-09-dependency-injection.yml,lot-09,Dependency Injection,OIT-ar4h3zfskjsp,Configuration parameters,hard,single,1,1,4,APPLY,DISTINGUISH,CONCEPT_DISTINCTION,,55,OUT-b81c2y9edqrn,CRS-8zmj5ntgdhjv,/docs/courses/lot-09/configuration-parameters,1,READY_FOR_NEW_UI
QST-cb9sywaj1nde,lot-09-dependency-injection.yml,lot-09,Dependency Injection,OIT-ar4h3zfskjsp,Configuration parameters,medium,single,1,1,4,UNDERSTAND,RECOGNIZE,API_SIGNATURE,,50,OUT-eatwchm2rs41,CRS-8zmj5ntgdhjv,/docs/courses/lot-09/configuration-parameters,1,READY_FOR_NEW_UI
QST-gfqb0xrb7tbx,lot-09-dependency-injection.yml,lot-09,Dependency Injection,OIT-stze9x4aydp3,Services registration (YAML and PHP attributes),hard,single,1,1,4,APPLY,DIAGNOSE,BEHAVIOR_DIAGNOSIS,,55,OUT-bqf7brva4nwe|OUT-rf33669d3w01,CRS-g8fteyd38nrt,/docs/courses/lot-09/services-registration-yaml-and-php-attributes,1,READY_FOR_NEW_UI
QST-q2p4t3hjc5x0,lot-09-dependency-injection.yml,lot-09,Dependency Injection,OIT-stze9x4aydp3,Services registration (YAML and PHP attributes),medium,single,1,1,4,UNDERSTAND,RECOGNIZE,API_SIGNATURE,,50,OUT-bqf7brva4nwe,CRS-g8fteyd38nrt,/docs/courses/lot-09/services-registration-yaml-and-php-attributes,1,READY_FOR_NEW_UI
QST-3zf09tnf1rkj,lot-09-dependency-injection.yml,lot-09,Dependency Injection,OIT-adhs2ny9hc5f,Service decoration,medium,single,1,1,4,UNDERSTAND,RECOGNIZE,API_SIGNATURE,,50,OUT-tv6pkb930kss,CRS-fkebqqqke5y5,/docs/courses/lot-09/service-decoration,1,CODE_INLINE_PRESENT
QST-zbx19jnjr7gz,lot-09-dependency-injection.yml,lot-09,Dependency Injection,OIT-adhs2ny9hc5f,Service decoration,hard,single,1,1,4,UNDERSTAND,DIAGNOSE,BEHAVIOR_DIAGNOSIS,,60,OUT-7mpy7kfscvv1,CRS-fkebqqqke5y5,/docs/courses/lot-09/service-decoration,1,READY_FOR_NEW_UI
QST-t4bgmrx3q0cg,lot-09-dependency-injection.yml,lot-09,Dependency Injection,OIT-83sac57rw0xn,Tags,medium,single,1,1,4,APPLY,DIAGNOSE,BEHAVIOR_DIAGNOSIS,,55,OUT-deqvr7c2bvsf,CRS-b4g5s2asb9ye,/docs/courses/lot-09/tags,1,READY_FOR_NEW_UI
QST-wdn59cym1fv8,lot-09-dependency-injection.yml,lot-09,Dependency Injection,OIT-83sac57rw0xn,Tags,medium,single,1,1,4,APPLY,RECOGNIZE,API_SIGNATURE,,50,OUT-enhmt34n32vh,CRS-b4g5s2asb9ye,/docs/courses/lot-09/tags,1,CODE_INLINE_PRESENT
QST-2q21a2srg5hr,lot-09-dependency-injection.yml,lot-09,Dependency Injection,OIT-qj4xfkhwdrx7,Semantic configuration,medium,single,1,1,4,UNDERSTAND,DISTINGUISH,CONCEPT_DISTINCTION,,50,OUT-06ednnh0npmz,CRS-exs5dvtqa1as,/docs/courses/lot-09/semantic-configuration,1,READY_FOR_NEW_UI
QST-qzgxkh2b2pa5,lot-09-dependency-injection.yml,lot-09,Dependency Injection,OIT-qj4xfkhwdrx7,Semantic configuration,hard,single,1,1,4,UNDERSTAND,RECOGNIZE,API_SIGNATURE,,55,OUT-vmzkkhjtf67j,CRS-exs5dvtqa1as,/docs/courses/lot-09/semantic-configuration,1,READY_FOR_NEW_UI
QST-xw4d2n9a8hz5,lot-09-dependency-injection.yml,lot-09,Dependency Injection,OIT-h2n7d7dbr56p,Factories,hard,single,1,1,4,APPLY,DIAGNOSE,BEHAVIOR_DIAGNOSIS,,55,OUT-mfkawre47dv3,CRS-1bkg7pkf78c7,/docs/courses/lot-09/factories,1,CODE_INLINE_PRESENT
QST-1ss1gkatj0te,lot-09-dependency-injection.yml,lot-09,Dependency Injection,OIT-h2n7d7dbr56p,Factories,medium,single,1,1,4,KNOW,RECOGNIZE,API_SIGNATURE,,50,OUT-5tp6e11ygzgz,CRS-1bkg7pkf78c7,/docs/courses/lot-09/factories,1,READY_FOR_NEW_UI
QST-7ns2ad8j7z7a,lot-09-dependency-injection.yml,lot-09,Dependency Injection,OIT-3y0b9gxyandm,Compiler passes,hard,single,1,1,4,UNDERSTAND,RECOGNIZE,API_SIGNATURE,,50,OUT-cqnfv3m8fn8q,CRS-d25bvr0097py,/docs/courses/lot-09/compiler-passes,1,READY_FOR_NEW_UI
QST-4nq445j72q7w,lot-09-dependency-injection.yml,lot-09,Dependency Injection,OIT-3y0b9gxyandm,Compiler passes,hard,single,1,1,4,APPLY,DIAGNOSE,BEHAVIOR_DIAGNOSIS,,60,OUT-5d052fcbnf0g,CRS-d25bvr0097py,/docs/courses/lot-09/compiler-passes,1,READY_FOR_NEW_UI
QST-q1jqvtzhr8ga,lot-09-dependency-injection.yml,lot-09,Dependency Injection,OIT-3y0b9gxyandm,Compiler passes,medium,single,1,1,4,KNOW,RECOGNIZE,DEFINITION_RECALL,,45,OUT-avkzmraeybbg,CRS-d25bvr0097py,/docs/courses/lot-09/compiler-passes,1,READY_FOR_NEW_UI
QST-mg33edgvxqrc,lot-09-dependency-injection.yml,lot-09,Dependency Injection,OIT-wm3qdqemtap9,Services autowiring,hard,single,1,1,4,APPLY,DIAGNOSE,BEHAVIOR_DIAGNOSIS,,60,OUT-7k7n0avtawev|OUT-h9f0rmgswrcz,CRS-w6yfxm6ad4zy,/docs/courses/lot-09/services-autowiring,1,READY_FOR_NEW_UI
QST-egkw6pqr1hvq,lot-09-dependency-injection.yml,lot-09,Dependency Injection,OIT-wm3qdqemtap9,Services autowiring,hard,single,1,1,4,APPLY,DISTINGUISH,CONCEPT_DISTINCTION,,60,OUT-5sh0v9zbqw10,CRS-w6yfxm6ad4zy,/docs/courses/lot-09/services-autowiring,1,CODE_INLINE_PRESENT
QST-gscp8fh16xed,lot-09-dependency-injection.yml,lot-09,Dependency Injection,OIT-wm3qdqemtap9,Services autowiring,medium,single,1,1,4,KNOW,RECOGNIZE,API_SIGNATURE,,50,OUT-06wrfq0kv0v0,CRS-w6yfxm6ad4zy,/docs/courses/lot-09/services-autowiring,1,CODE_INLINE_PRESENT
QST-gkhpzxneegbr,lot-09-dependency-injection.yml,lot-09,Dependency Injection,OIT-gkhcbtygef69,Service locators,medium,single,1,1,4,UNDERSTAND,DISTINGUISH,CONCEPT_DISTINCTION,,55,OUT-3c8n410rjew2|OUT-treyye0w8xe4,CRS-0a0d5bp6769e,/docs/courses/lot-09/service-locators,1,READY_FOR_NEW_UI
QST-qh1cbg5wp55k,lot-09-dependency-injection.yml,lot-09,Dependency Injection,OIT-gkhcbtygef69,Service locators,hard,single,1,1,4,APPLY,DIAGNOSE,BEHAVIOR_DIAGNOSIS,,55,OUT-g6613nkxjesh,CRS-0a0d5bp6769e,/docs/courses/lot-09/service-locators,1,CODE_INLINE_PRESENT
QST-k31qdkpdy92e,lot-09-dependency-injection.yml,lot-09,Dependency Injection,OIT-79f4n087b66c,Service container,medium,single,1,1,4,UNDERSTAND,DISTINGUISH,CONCEPT_DISTINCTION,,45,OUT-4mx2cr2ydxtf,CRS-p1694d5f7r8c,/docs/courses/lot-09/service-container,1,READY_FOR_NEW_UI
QST-1zvtze0w6a5p,lot-09-dependency-injection.yml,lot-09,Dependency Injection,OIT-ar4h3zfskjsp,Configuration parameters,medium,single,1,1,4,UNDERSTAND,DISTINGUISH,CONCEPT_DISTINCTION,,45,OUT-ddcr84rvx9ap,CRS-8zmj5ntgdhjv,/docs/courses/lot-09/configuration-parameters,1,CODE_INLINE_PRESENT
QST-c12z17ez0ss5,lot-09-dependency-injection.yml,lot-09,Dependency Injection,OIT-stze9x4aydp3,Services registration (YAML and PHP attributes),medium,single,1,1,4,KNOW,RECOGNIZE,API_SIGNATURE,,45,OUT-j5rpdd6qsy3y,CRS-g8fteyd38nrt,/docs/courses/lot-09/services-registration-yaml-and-php-attributes,1,CODE_INLINE_PRESENT
QST-r73ye7dqg80n,lot-09-dependency-injection.yml,lot-09,Dependency Injection,OIT-stze9x4aydp3,Services registration (YAML and PHP attributes),hard,single,1,1,4,APPLY,DIAGNOSE,BEHAVIOR_DIAGNOSIS,,45,OUT-rf33669d3w01,CRS-g8fteyd38nrt,/docs/courses/lot-09/services-registration-yaml-and-php-attributes,1,READY_FOR_NEW_UI
QST-smjza039q4hw,lot-09-dependency-injection.yml,lot-09,Dependency Injection,OIT-stze9x4aydp3,Services registration (YAML and PHP attributes),hard,single,1,1,4,UNDERSTAND,DISTINGUISH,CONCEPT_DISTINCTION,,45,OUT-112hac96j8hg,CRS-g8fteyd38nrt,/docs/courses/lot-09/services-registration-yaml-and-php-attributes,1,CODE_INLINE_PRESENT
QST-a1avrk2v0k2t,lot-09-dependency-injection.yml,lot-09,Dependency Injection,OIT-83sac57rw0xn,Tags,medium,single,1,1,4,KNOW,RECOGNIZE,API_SIGNATURE,,45,OUT-ejv3jffbt4xd,CRS-b4g5s2asb9ye,/docs/courses/lot-09/tags,1,CODE_INLINE_PRESENT
QST-996gnybse1ve,lot-09-dependency-injection.yml,lot-09,Dependency Injection,OIT-qj4xfkhwdrx7,Semantic configuration,hard,single,1,1,4,UNDERSTAND,DIAGNOSE,BEHAVIOR_PREDICTION,,45,OUT-k2cfezp9wvf5,CRS-exs5dvtqa1as,/docs/courses/lot-09/semantic-configuration,1,READY_FOR_NEW_UI
QST-mkmarkb3w738,lot-09-dependency-injection.yml,lot-09,Dependency Injection,OIT-3y0b9gxyandm,Compiler passes,medium,single,1,1,4,KNOW,RECOGNIZE,API_SIGNATURE,,45,OUT-gx5971krje0a,CRS-d25bvr0097py,/docs/courses/lot-09/compiler-passes,1,READY_FOR_NEW_UI
QST-3wrz6qafpv3y,lot-09-dependency-injection.yml,lot-09,Dependency Injection,OIT-3y0b9gxyandm,Compiler passes,hard,single,1,1,4,APPLY,DISTINGUISH,SCENARIO_CHOICE,,45,OUT-mpb2peyp9993,CRS-d25bvr0097py,/docs/courses/lot-09/compiler-passes,1,READY_FOR_NEW_UI
QST-dbs1pm3v1np1,lot-09-dependency-injection.yml,lot-09,Dependency Injection,OIT-gkhcbtygef69,Service locators,hard,single,1,1,4,KNOW,RECOGNIZE,API_SIGNATURE,,45,OUT-7s1prxwgdhe5,CRS-0a0d5bp6769e,/docs/courses/lot-09/service-locators,1,CODE_INLINE_PRESENT
QST-xe6gkw0420ba,lot-10-security.yml,lot-10,Security,OIT-942znmbjwvad,"Security Core, CSRF and PasswordHasher components",medium,single,1,1,4,UNDERSTAND,DISTINGUISH,CONCEPT_DISTINCTION,,50,OUT-tw22dh0mnngy|OUT-3xr6hfb46rq2,CRS-awb7sd999c5j,/docs/courses/lot-10/security-core-csrf-and-passwordhasher-components,1,READY_FOR_NEW_UI
QST-wfkk6ayjt3qb,lot-10-security.yml,lot-10,Security,OIT-942znmbjwvad,"Security Core, CSRF and PasswordHasher components",hard,single,1,1,4,KNOW,RECOGNIZE,DEFINITION_RECALL,,50,OUT-sk1ndg394haz,CRS-awb7sd999c5j,/docs/courses/lot-10/security-core-csrf-and-passwordhasher-components,1,READY_FOR_NEW_UI
QST-472n92c01v8z,lot-10-security.yml,lot-10,Security,OIT-z9c24d68et6w,Authentication,medium,single,1,1,4,UNDERSTAND,DISTINGUISH,CONCEPT_DISTINCTION,,50,OUT-a4tnzhe2yvpa,CRS-rdzx4ka72saj,/docs/courses/lot-10/authentication,1,CODE_INLINE_PRESENT
QST-eazddxd7m5ht,lot-10-security.yml,lot-10,Security,OIT-z9c24d68et6w,Authentication,hard,single,1,1,4,APPLY,RECOGNIZE,API_SIGNATURE,,55,OUT-23cr959cs1z0,CRS-rdzx4ka72saj,/docs/courses/lot-10/authentication,1,READY_FOR_NEW_UI
QST-71pfa2rprjj4,lot-10-security.yml,lot-10,Security,OIT-3qgn13f7zvqx,Authorization,hard,single,1,1,4,APPLY,DIAGNOSE,BEHAVIOR_DIAGNOSIS,,55,OUT-rf2bzpb84d4y,CRS-8hwpzyk1hrq9,/docs/courses/lot-10/authorization,1,READY_FOR_NEW_UI
QST-ty80h8rawm9h,lot-10-security.yml,lot-10,Security,OIT-3qgn13f7zvqx,Authorization,medium,single,1,1,4,UNDERSTAND,DISTINGUISH,CONCEPT_DISTINCTION,,50,OUT-67x1qs1y7bjk,CRS-8hwpzyk1hrq9,/docs/courses/lot-10/authorization,1,READY_FOR_NEW_UI
QST-xpq3ys8psrac,lot-10-security.yml,lot-10,Security,OIT-xh63g15rz6n3,Configuration,hard,single,1,1,4,APPLY,DIAGNOSE,BEHAVIOR_DIAGNOSIS,,55,OUT-wnw02nsyvmyg,CRS-yvhg325ax38y,/docs/courses/lot-10/configuration,1,READY_FOR_NEW_UI
QST-2eztey3aja7g,lot-10-security.yml,lot-10,Security,OIT-xh63g15rz6n3,Configuration,medium,single,1,1,4,UNDERSTAND,DISTINGUISH,CONCEPT_DISTINCTION,,50,OUT-mrdkwy4adq6q,CRS-yvhg325ax38y,/docs/courses/lot-10/configuration,1,READY_FOR_NEW_UI
QST-f49jfgm58qr0,lot-10-security.yml,lot-10,Security,OIT-45p7535dk4s2,Providers,hard,single,1,1,4,APPLY,DIAGNOSE,BEHAVIOR_DIAGNOSIS,,55,OUT-km3tbkkw36s3,CRS-enbbsykx22xe,/docs/courses/lot-10/providers,1,READY_FOR_NEW_UI
QST-b10yfhxnfhh6,lot-10-security.yml,lot-10,Security,OIT-45p7535dk4s2,Providers,medium,single,1,1,4,KNOW,RECOGNIZE,API_SIGNATURE,,50,OUT-58qtgyk785j9,CRS-enbbsykx22xe,/docs/courses/lot-10/providers,1,READY_FOR_NEW_UI
QST-qyh60jqm5etd,lot-10-security.yml,lot-10,Security,OIT-rwa6m06crs1h,Firewalls,medium,single,1,1,4,UNDERSTAND,RECOGNIZE,DEFINITION_RECALL,,50,OUT-xnh28hz1zchd,CRS-x5frtpg07mmd,/docs/courses/lot-10/firewalls,1,READY_FOR_NEW_UI
QST-rpz1syn7rpsv,lot-10-security.yml,lot-10,Security,OIT-rwa6m06crs1h,Firewalls,hard,single,1,1,4,APPLY,DIAGNOSE,BEHAVIOR_DIAGNOSIS,,55,OUT-6dsw1jm1j7df,CRS-x5frtpg07mmd,/docs/courses/lot-10/firewalls,1,READY_FOR_NEW_UI
QST-62t90ghtbqzj,lot-10-security.yml,lot-10,Security,OIT-gkh08ztwdme1,Users,hard,single,1,1,4,KNOW,RECOGNIZE,API_SIGNATURE,,55,OUT-q8e80pz7kv3c,CRS-n9ngfssrq1bt,/docs/courses/lot-10/users,1,READY_FOR_NEW_UI
QST-fy4096tmhna5,lot-10-security.yml,lot-10,Security,OIT-gkh08ztwdme1,Users,medium,single,1,1,4,APPLY,DISTINGUISH,CONCEPT_DISTINCTION,,50,OUT-5hk32whbfhrd,CRS-n9ngfssrq1bt,/docs/courses/lot-10/users,1,READY_FOR_NEW_UI
QST-cqx6wvrkts6w,lot-10-security.yml,lot-10,Security,OIT-ta627mbwfz7m,Password hashers,hard,single,1,1,4,UNDERSTAND,DIAGNOSE,BEHAVIOR_DIAGNOSIS,,55,OUT-0vbk74q4f9dg,CRS-g4sth72ww979,/docs/courses/lot-10/password-hashers,1,READY_FOR_NEW_UI
QST-k73jk5cstrtv,lot-10-security.yml,lot-10,Security,OIT-ta627mbwfz7m,Password hashers,medium,single,1,1,4,KNOW,RECOGNIZE,API_SIGNATURE,,50,OUT-tct5sch3yndb,CRS-g4sth72ww979,/docs/courses/lot-10/password-hashers,1,READY_FOR_NEW_UI
QST-n2z3zbszfmvt,lot-10-security.yml,lot-10,Security,OIT-fw6db7ryrk4q,Roles,easy,single,1,1,4,KNOW,RECOGNIZE,DEFINITION_RECALL,,40,OUT-nb8grypjavr8,CRS-2s6e4qgkcqza,/docs/courses/lot-10/roles,1,READY_FOR_NEW_UI
QST-1cerp5ba1czy,lot-10-security.yml,lot-10,Security,OIT-fw6db7ryrk4q,Roles,medium,single,1,1,4,UNDERSTAND,DISTINGUISH,CONCEPT_DISTINCTION,,50,OUT-se3aqxhdbf9t,CRS-2s6e4qgkcqza,/docs/courses/lot-10/roles,1,READY_FOR_NEW_UI
QST-np172gaybtec,lot-10-security.yml,lot-10,Security,OIT-cwfr5t1ngj23,Access Control Rules,hard,single,1,1,4,APPLY,DIAGNOSE,BEHAVIOR_DIAGNOSIS,,55,OUT-4qv0jc2jpj0p|OUT-r720vgm95xv3,CRS-2ec5yksjfm9s,/docs/courses/lot-10/access-control-rules,1,READY_FOR_NEW_UI
QST-8grwagdms0k7,lot-10-security.yml,lot-10,Security,OIT-cwfr5t1ngj23,Access Control Rules,medium,single,1,1,4,UNDERSTAND,DISTINGUISH,CONCEPT_DISTINCTION,,50,OUT-d444cz9yek59,CRS-2ec5yksjfm9s,/docs/courses/lot-10/access-control-rules,1,READY_FOR_NEW_UI
QST-bff9s30tjw46,lot-10-security.yml,lot-10,Security,OIT-kqm5mxq4jnkj,Voters and voting strategies,hard,single,1,1,4,UNDERSTAND,DIAGNOSE,BEHAVIOR_DIAGNOSIS,,55,OUT-f6ap8771qrtd,CRS-y3g0v9nmne3t,/docs/courses/lot-10/voters-and-voting-strategies,1,READY_FOR_NEW_UI
QST-qmjm8vzvrzh9,lot-10-security.yml,lot-10,Security,OIT-kqm5mxq4jnkj,Voters and voting strategies,hard,single,1,1,4,APPLY,DISTINGUISH,CONCEPT_DISTINCTION,,60,OUT-bb75dy1j7zcq,CRS-y3g0v9nmne3t,/docs/courses/lot-10/voters-and-voting-strategies,1,READY_FOR_NEW_UI
QST-c8gpyvw5shmy,lot-10-security.yml,lot-10,Security,OIT-kqm5mxq4jnkj,Voters and voting strategies,hard,single,1,1,4,UNDERSTAND,RECOGNIZE,DEFINITION_RECALL,,60,OUT-bb75dy1j7zcq,CRS-y3g0v9nmne3t,/docs/courses/lot-10/voters-and-voting-strategies,1,READY_FOR_NEW_UI
QST-380hndjwn2t0,lot-10-security.yml,lot-10,Security,OIT-z9c24d68et6w,Authentication,medium,single,1,1,4,UNDERSTAND,DISTINGUISH,SEQUENCE_ORDER,,45,OUT-ff1nnw75gh0x,CRS-rdzx4ka72saj,/docs/courses/lot-10/authentication,1,READY_FOR_NEW_UI
QST-0xvabx1zmvhh,lot-10-security.yml,lot-10,Security,OIT-xh63g15rz6n3,Configuration,hard,single,1,1,4,UNDERSTAND,DISTINGUISH,CONCEPT_DISTINCTION,,45,OUT-d69mg4gn25dt,CRS-yvhg325ax38y,/docs/courses/lot-10/configuration,1,READY_FOR_NEW_UI
QST-f5z345sfdga7,lot-10-security.yml,lot-10,Security,OIT-45p7535dk4s2,Providers,medium,single,1,1,4,KNOW,RECOGNIZE,DEFINITION_RECALL,,45,OUT-18068akbjm47,CRS-enbbsykx22xe,/docs/courses/lot-10/providers,1,READY_FOR_NEW_UI
QST-tmpjmx8yr7j0,lot-10-security.yml,lot-10,Security,OIT-rwa6m06crs1h,Firewalls,hard,single,1,1,4,APPLY,DIAGNOSE,SCENARIO_CHOICE,,45,OUT-j6xr27ajqs3e,CRS-x5frtpg07mmd,/docs/courses/lot-10/firewalls,1,READY_FOR_NEW_UI
QST-sftrxannmn21,lot-10-security.yml,lot-10,Security,OIT-gkh08ztwdme1,Users,medium,single,1,1,4,UNDERSTAND,DISTINGUISH,CONCEPT_DISTINCTION,,45,OUT-9523w2t3cts8,CRS-n9ngfssrq1bt,/docs/courses/lot-10/users,1,READY_FOR_NEW_UI
QST-jwxp5dskf6ed,lot-10-security.yml,lot-10,Security,OIT-gkh08ztwdme1,Users,medium,single,1,1,4,UNDERSTAND,DISTINGUISH,CONCEPT_DISTINCTION,,45,OUT-tfqgyk6sjrcg,CRS-n9ngfssrq1bt,/docs/courses/lot-10/users,1,READY_FOR_NEW_UI
QST-d1c0few45tt7,lot-10-security.yml,lot-10,Security,OIT-fw6db7ryrk4q,Roles,hard,single,1,1,4,UNDERSTAND,DISTINGUISH,CONCEPT_DISTINCTION,,45,OUT-mh5phj2ea2p7,CRS-2s6e4qgkcqza,/docs/courses/lot-10/roles,1,READY_FOR_NEW_UI
QST-4zb71et3q70n,lot-10-security.yml,lot-10,Security,OIT-s3jh7wg5km19,"Authenticators, Passports and Badges",hard,single,1,1,4,KNOW,RECOGNIZE,API_SIGNATURE,,45,OUT-hqgj8aj8agf2,CRS-6gc45etcssfb,/docs/courses/lot-10/authenticators-passports-and-badges,1,READY_FOR_NEW_UI
QST-pxen3npvfhq2,lot-10-security.yml,lot-10,Security,OIT-s3jh7wg5km19,"Authenticators, Passports and Badges",hard,single,1,1,4,APPLY,DIAGNOSE,BEHAVIOR_DIAGNOSIS,,45,OUT-jrwcwkmfp4x1,CRS-6gc45etcssfb,/docs/courses/lot-10/authenticators-passports-and-badges,1,READY_FOR_NEW_UI
QST-7v4wmrtpv7wa,lot-10-security.yml,lot-10,Security,OIT-kqm5mxq4jnkj,Voters and voting strategies,medium,single,1,1,4,KNOW,RECOGNIZE,API_SIGNATURE,,45,OUT-nxz3gazat4wf,CRS-y3g0v9nmne3t,/docs/courses/lot-10/voters-and-voting-strategies,1,READY_FOR_NEW_UI
QST-5exn2rx427qm,lot-10-security.yml,lot-10,Security,OIT-kqm5mxq4jnkj,Voters and voting strategies,hard,single,1,1,4,KNOW,RECOGNIZE,API_SIGNATURE,,45,OUT-3hwcwd6n6vsq,CRS-y3g0v9nmne3t,/docs/courses/lot-10/voters-and-voting-strategies,1,READY_FOR_NEW_UI
QST-4s59dzkg2rff,lot-11-messenger.yml,lot-11,Messenger,OIT-hs1297vvhr89,Messenger component,medium,single,1,1,4,UNDERSTAND,DIAGNOSE,BEHAVIOR_DIAGNOSIS,,55,OUT-w4ahdf9xdh5w,CRS-5gezsra1sp01,/docs/courses/lot-11/messenger-component,1,READY_FOR_NEW_UI
QST-2vt07hzxfmvq,lot-11-messenger.yml,lot-11,Messenger,OIT-hs1297vvhr89,Messenger component,medium,single,1,1,4,KNOW,RECOGNIZE,DEFINITION_RECALL,,50,OUT-rr0nvj9b8x0z,CRS-5gezsra1sp01,/docs/courses/lot-11/messenger-component,1,READY_FOR_NEW_UI
QST-tvzx2c0cqeh8,lot-11-messenger.yml,lot-11,Messenger,OIT-ckr67pq9npyb,Transports,hard,single,1,1,4,APPLY,DIAGNOSE,BEHAVIOR_DIAGNOSIS,,55,OUT-sz3q1tm5smja,CRS-se1jr6cxh2n7,/docs/courses/lot-11/transports,1,READY_FOR_NEW_UI
QST-7ay2hp5jexwb,lot-11-messenger.yml,lot-11,Messenger,OIT-ckr67pq9npyb,Transports,medium,single,1,1,4,APPLY,RECOGNIZE,SCENARIO_CHOICE,,50,OUT-961gweegp990,CRS-se1jr6cxh2n7,/docs/courses/lot-11/transports,1,READY_FOR_NEW_UI
QST-mzsqzvya53dc,lot-11-messenger.yml,lot-11,Messenger,OIT-9a8aa389vk48,Messages and handlers,medium,single,1,1,4,UNDERSTAND,RECOGNIZE,API_SIGNATURE,,50,OUT-yr8h53ttvp6e,CRS-ckdp50w2dmy4,/docs/courses/lot-11/messages-and-handlers,1,READY_FOR_NEW_UI
QST-sra8bgw85a7j,lot-11-messenger.yml,lot-11,Messenger,OIT-9a8aa389vk48,Messages and handlers,hard,single,1,1,4,UNDERSTAND,DISTINGUISH,CONCEPT_DISTINCTION,,55,OUT-r1kvyze41rx5,CRS-ckdp50w2dmy4,/docs/courses/lot-11/messages-and-handlers,1,READY_FOR_NEW_UI
QST-c0qzhz7ded47,lot-11-messenger.yml,lot-11,Messenger,OIT-dctf03ftx44f,Workers,hard,single,1,1,4,APPLY,DIAGNOSE,BEHAVIOR_DIAGNOSIS,,55,OUT-d5r5yrf58x1s,CRS-e5astysks0ty,/docs/courses/lot-11/workers,1,READY_FOR_NEW_UI
QST-66bdw5shb7py,lot-11-messenger.yml,lot-11,Messenger,OIT-dctf03ftx44f,Workers,medium,single,1,1,4,UNDERSTAND,RECOGNIZE,CONFIG_BEHAVIOR,,50,OUT-k3t8watc85cw,CRS-e5astysks0ty,/docs/courses/lot-11/workers,1,READY_FOR_NEW_UI
QST-0v3j82n0d4m7,lot-11-messenger.yml,lot-11,Messenger,OIT-76x1t7z916f4,Retries and failures,hard,single,1,1,4,APPLY,DIAGNOSE,CONFIG_BEHAVIOR,,55,OUT-7rq6sxm6qqr3,CRS-hgkzgm1dh3my,/docs/courses/lot-11/retries-and-failures,1,READY_FOR_NEW_UI
QST-9c3nh6jtp3px,lot-11-messenger.yml,lot-11,Messenger,OIT-76x1t7z916f4,Retries and failures,hard,single,1,1,4,APPLY,DISTINGUISH,SCENARIO_CHOICE,,55,OUT-y57ephy9n9ey,CRS-hgkzgm1dh3my,/docs/courses/lot-11/retries-and-failures,1,READY_FOR_NEW_UI
QST-8vfdesj0zh4w,lot-11-messenger.yml,lot-11,Messenger,OIT-76x1t7z916f4,Retries and failures,hard,single,1,1,4,APPLY,DIAGNOSE,BEHAVIOR_DIAGNOSIS,,55,OUT-d866n6yn58qx,CRS-hgkzgm1dh3my,/docs/courses/lot-11/retries-and-failures,1,READY_FOR_NEW_UI
QST-863psghen6px,lot-11-messenger.yml,lot-11,Messenger,OIT-amnpjdprky6z,Middleware,hard,single,1,1,4,APPLY,DIAGNOSE,BEHAVIOR_DIAGNOSIS,,55,OUT-f1z737x6w2pv,CRS-h9bfar3cxyet,/docs/courses/lot-11/middleware,1,CODE_INLINE_PRESENT
QST-rpw04mwksvg4,lot-11-messenger.yml,lot-11,Messenger,OIT-amnpjdprky6z,Middleware,hard,single,1,1,4,UNDERSTAND,DIAGNOSE,BEHAVIOR_DIAGNOSIS,,55,OUT-gcjncj08dwdf,CRS-h9bfar3cxyet,/docs/courses/lot-11/middleware,1,READY_FOR_NEW_UI
QST-kwdxjwjwg4j4,lot-11-messenger.yml,lot-11,Messenger,OIT-16at9vwzww43,Events,hard,single,1,1,4,APPLY,DIAGNOSE,BEHAVIOR_DIAGNOSIS,,55,OUT-syfrg3ycvcq9,CRS-3pbkhqmw83b2,/docs/courses/lot-11/events,1,READY_FOR_NEW_UI
QST-1wqesyz1sknh,lot-11-messenger.yml,lot-11,Messenger,OIT-16at9vwzww43,Events,medium,single,1,1,4,UNDERSTAND,DISTINGUISH,CONCEPT_DISTINCTION,,50,OUT-52jpm5kq981q,CRS-3pbkhqmw83b2,/docs/courses/lot-11/events,1,READY_FOR_NEW_UI
QST-bp6mp496mm7m,lot-11-messenger.yml,lot-11,Messenger,OIT-ckr67pq9npyb,Transports,easy,single,1,1,4,KNOW,RECOGNIZE,CONFIG_BEHAVIOR,,45,OUT-d34tvv7rydk9,CRS-se1jr6cxh2n7,/docs/courses/lot-11/transports,1,READY_FOR_NEW_UI
QST-v4wkcq3cmm37,lot-11-messenger.yml,lot-11,Messenger,OIT-ckr67pq9npyb,Transports,medium,single,1,1,4,UNDERSTAND,DISTINGUISH,CONFIG_BEHAVIOR,,45,OUT-25tacm3ebgk7,CRS-se1jr6cxh2n7,/docs/courses/lot-11/transports,1,READY_FOR_NEW_UI
QST-45tm3rfbkjyw,lot-11-messenger.yml,lot-11,Messenger,OIT-9a8aa389vk48,Messages and handlers,easy,single,1,1,4,KNOW,RECOGNIZE,API_SIGNATURE,,45,OUT-65c68dmyhjc9,CRS-ckdp50w2dmy4,/docs/courses/lot-11/messages-and-handlers,1,READY_FOR_NEW_UI
QST-qh4r169hgx7y,lot-11-messenger.yml,lot-11,Messenger,OIT-dctf03ftx44f,Workers,hard,single,1,1,4,APPLY,DIAGNOSE,BEHAVIOR_DIAGNOSIS,,45,OUT-q8eq8avwpyh2,CRS-e5astysks0ty,/docs/courses/lot-11/workers,1,READY_FOR_NEW_UI
QST-rdbfzznze605,lot-11-messenger.yml,lot-11,Messenger,OIT-76x1t7z916f4,Retries and failures,hard,single,1,1,4,UNDERSTAND,DISTINGUISH,SEQUENCE_ORDER,,45,OUT-jd6ca4q02538,CRS-hgkzgm1dh3my,/docs/courses/lot-11/retries-and-failures,1,READY_FOR_NEW_UI
QST-b27yd0msa8yq,lot-11-messenger.yml,lot-11,Messenger,OIT-76x1t7z916f4,Retries and failures,medium,single,1,1,4,APPLY,RECOGNIZE,SCENARIO_CHOICE,,45,OUT-4f772gc14626,CRS-hgkzgm1dh3my,/docs/courses/lot-11/retries-and-failures,1,READY_FOR_NEW_UI
QST-sx23khxjhrrg,lot-11-messenger.yml,lot-11,Messenger,OIT-amnpjdprky6z,Middleware,medium,single,1,1,4,UNDERSTAND,DISTINGUISH,CONCEPT_DISTINCTION,,45,OUT-kc77500x8et6,CRS-h9bfar3cxyet,/docs/courses/lot-11/middleware,1,READY_FOR_NEW_UI
QST-pxhjqmq3j5yk,lot-11-messenger.yml,lot-11,Messenger,OIT-16at9vwzww43,Events,medium,single,1,1,4,UNDERSTAND,DISTINGUISH,CONCEPT_DISTINCTION,,45,OUT-32c5zqv7br2d,CRS-3pbkhqmw83b2,/docs/courses/lot-11/events,1,READY_FOR_NEW_UI
QST-s9dqp9mfqfrx,lot-12-console.yml,lot-12,Console,OIT-481gmkgbksnr,Console component,easy,single,1,1,4,KNOW,RECOGNIZE,API_SIGNATURE,,40,OUT-a1qc1gqac172,CRS-brn6frfqpxxj,/docs/courses/lot-12/console-component,1,CODE_INLINE_PRESENT
QST-zh43s7yzg7nr,lot-12-console.yml,lot-12,Console,OIT-481gmkgbksnr,Console component,medium,single,1,1,4,UNDERSTAND,DIAGNOSE,BEHAVIOR_DIAGNOSIS,,55,OUT-jc4865ayfy98,CRS-brn6frfqpxxj,/docs/courses/lot-12/console-component,1,READY_FOR_NEW_UI
QST-snpbvmx5e280,lot-12-console.yml,lot-12,Console,OIT-zgq6w4jqamvb,Built-in commands,easy,single,1,1,4,KNOW,RECOGNIZE,DEFINITION_RECALL,,35,OUT-hf28acc5am6h,CRS-rk0fkn1q5byc,/docs/courses/lot-12/built-in-commands,1,READY_FOR_NEW_UI
QST-wgvc9x0rjh0r,lot-12-console.yml,lot-12,Console,OIT-zgq6w4jqamvb,Built-in commands,medium,single,1,1,4,UNDERSTAND,DIAGNOSE,BEHAVIOR_DIAGNOSIS,,45,OUT-dxyaxf4dpkqc,CRS-rk0fkn1q5byc,/docs/courses/lot-12/built-in-commands,1,READY_FOR_NEW_UI
QST-gbzpgycr1r6g,lot-12-console.yml,lot-12,Console,OIT-kbg00jqxxwhq,Custom commands,medium,single,1,1,4,KNOW,RECOGNIZE,API_SIGNATURE,,45,OUT-86vxgq9k86kd,CRS-cb51hcng9dh5,/docs/courses/lot-12/custom-commands,1,CODE_INLINE_PRESENT
QST-tvce4echjywq,lot-12-console.yml,lot-12,Console,OIT-kbg00jqxxwhq,Custom commands,medium,single,1,1,4,UNDERSTAND,DIAGNOSE,SCENARIO_CHOICE,,50,OUT-g23jwhyz5189,CRS-cb51hcng9dh5,/docs/courses/lot-12/custom-commands,1,CODE_INLINE_PRESENT
QST-bw6j8k17fx9c,lot-12-console.yml,lot-12,Console,OIT-1hdmw4gm819r,Configuration,easy,single,1,1,4,KNOW,RECOGNIZE,DEFINITION_RECALL,,35,OUT-axs8gacjytk9,CRS-sf3701ncg2va,/docs/courses/lot-12/configuration,1,CODE_INLINE_PRESENT
QST-y48awnf4nfnx,lot-12-console.yml,lot-12,Console,OIT-1hdmw4gm819r,Configuration,hard,single,1,1,4,UNDERSTAND,DIAGNOSE,BEHAVIOR_DIAGNOSIS,,70,OUT-szgbkmx55kyh,CRS-sf3701ncg2va,/docs/courses/lot-12/configuration,1,CODE_INLINE_PRESENT
QST-svybdxxreygm,lot-12-console.yml,lot-12,Console,OIT-nr9m883d15qq,Options and arguments (using PHP attributes),medium,single,1,1,4,UNDERSTAND,DIAGNOSE,BEHAVIOR_DIAGNOSIS,,55,OUT-dvv3qwaprsck,CRS-q2dxjhx6d35k,/docs/courses/lot-12/options-and-arguments-using-php-attributes,1,CODE_INLINE_PRESENT
QST-agnyym2anznf,lot-12-console.yml,lot-12,Console,OIT-nr9m883d15qq,Options and arguments (using PHP attributes),medium,single,1,1,4,UNDERSTAND,DISTINGUISH,API_SIGNATURE,,50,OUT-ghsttz17xxqe,CRS-q2dxjhx6d35k,/docs/courses/lot-12/options-and-arguments-using-php-attributes,1,CODE_INLINE_PRESENT
QST-tp80nqtxvarw,lot-12-console.yml,lot-12,Console,OIT-65sswf0qhw6c,Input and Output objects,medium,single,1,1,4,UNDERSTAND,DISTINGUISH,CONCEPT_DISTINCTION,,50,OUT-eea5s77r44aw,CRS-0ab7kpexq9w9,/docs/courses/lot-12/input-and-output-objects,1,CODE_INLINE_PRESENT
QST-5wrcd9ahhth2,lot-12-console.yml,lot-12,Console,OIT-65sswf0qhw6c,Input and Output objects,medium,single,1,1,4,APPLY,DIAGNOSE,SCENARIO_CHOICE,,60,OUT-8pz0624za51p,CRS-0ab7kpexq9w9,/docs/courses/lot-12/input-and-output-objects,1,READY_FOR_NEW_UI
QST-8z5qhxdbyjf8,lot-12-console.yml,lot-12,Console,OIT-v6wxp78gk42c,Built-in helpers,medium,single,1,1,4,UNDERSTAND,DIAGNOSE,BEHAVIOR_DIAGNOSIS,,55,OUT-yvpt5rvdwtkb,CRS-3p9jdkw1nd3g,/docs/courses/lot-12/built-in-helpers,1,READY_FOR_NEW_UI
QST-h22aea8btw90,lot-12-console.yml,lot-12,Console,OIT-v6wxp78gk42c,Built-in helpers,easy,single,1,1,4,KNOW,DISTINGUISH,SCENARIO_CHOICE,,45,OUT-ynfwxjqpxy07,CRS-3p9jdkw1nd3g,/docs/courses/lot-12/built-in-helpers,1,READY_FOR_NEW_UI
QST-ycpqw0ygx9cd,lot-12-console.yml,lot-12,Console,OIT-cqs3m73y3rpy,Console events,medium,single,1,1,4,KNOW,RECOGNIZE,DEFINITION_RECALL,,45,OUT-2e5yd7119yha,CRS-y0zc67f3e5zk,/docs/courses/lot-12/console-events,1,READY_FOR_NEW_UI
QST-tmz33c01yx7r,lot-12-console.yml,lot-12,Console,OIT-cqs3m73y3rpy,Console events,hard,single,1,1,4,UNDERSTAND,DIAGNOSE,SCENARIO_CHOICE,,65,OUT-8v3ady0sf894,CRS-y0zc67f3e5zk,/docs/courses/lot-12/console-events,1,READY_FOR_NEW_UI
QST-c01dkpwkp6qw,lot-12-console.yml,lot-12,Console,OIT-dv5400dtksfg,Verbosity levels,medium,single,1,1,4,UNDERSTAND,DISTINGUISH,CONCEPT_DISTINCTION,,50,OUT-wv0q7kcb8q1t,CRS-96c85hjezj1r,/docs/courses/lot-12/verbosity-levels,1,READY_FOR_NEW_UI
QST-fjgxe7fjzc8y,lot-12-console.yml,lot-12,Console,OIT-dv5400dtksfg,Verbosity levels,easy,single,1,1,4,APPLY,RECOGNIZE,API_SIGNATURE,,45,OUT-8fna7evcc7x4,CRS-96c85hjezj1r,/docs/courses/lot-12/verbosity-levels,1,READY_FOR_NEW_UI
QST-kk4evk9seycg,lot-12-console.yml,lot-12,Console,OIT-481gmkgbksnr,Console component,easy,single,1,1,4,KNOW,RECOGNIZE,DEFINITION_RECALL,,45,OUT-b3610kc2cj3b,CRS-brn6frfqpxxj,/docs/courses/lot-12/console-component,1,CODE_INLINE_PRESENT
QST-nd25jj6mfmtj,lot-12-console.yml,lot-12,Console,OIT-zgq6w4jqamvb,Built-in commands,medium,single,1,1,4,UNDERSTAND,DISTINGUISH,CONCEPT_DISTINCTION,,45,OUT-hf28acc5am6h,CRS-rk0fkn1q5byc,/docs/courses/lot-12/built-in-commands,1,READY_FOR_NEW_UI
QST-mra5j6bq70sr,lot-12-console.yml,lot-12,Console,OIT-1hdmw4gm819r,Configuration,medium,single,1,1,4,APPLY,DIAGNOSE,BEHAVIOR_DIAGNOSIS,,45,OUT-e1vg5bhm9yn9,CRS-sf3701ncg2va,/docs/courses/lot-12/configuration,1,READY_FOR_NEW_UI
QST-wt0f9p2tmmnm,lot-12-console.yml,lot-12,Console,OIT-nr9m883d15qq,Options and arguments (using PHP attributes),hard,single,1,1,4,UNDERSTAND,DISTINGUISH,API_SIGNATURE,,45,OUT-2tyae0a8545m,CRS-q2dxjhx6d35k,/docs/courses/lot-12/options-and-arguments-using-php-attributes,2,READY_FOR_NEW_UI
QST-m7ywj8fyrd5z,lot-12-console.yml,lot-12,Console,OIT-65sswf0qhw6c,Input and Output objects,medium,single,1,1,4,KNOW,RECOGNIZE,DEFINITION_RECALL,,45,OUT-b3v4c3hz8gha,CRS-0ab7kpexq9w9,/docs/courses/lot-12/input-and-output-objects,1,READY_FOR_NEW_UI
QST-32gxwn2q6pkf,lot-12-console.yml,lot-12,Console,OIT-v6wxp78gk42c,Built-in helpers,medium,single,1,1,4,UNDERSTAND,DISTINGUISH,CONCEPT_DISTINCTION,,45,OUT-0jqghb0j4pxh,CRS-3p9jdkw1nd3g,/docs/courses/lot-12/built-in-helpers,1,READY_FOR_NEW_UI
QST-z4mtkneppy34,lot-12-console.yml,lot-12,Console,OIT-cqs3m73y3rpy,Console events,hard,single,1,1,4,UNDERSTAND,DISTINGUISH,SEQUENCE_ORDER,,45,OUT-8v3ady0sf894,CRS-y0zc67f3e5zk,/docs/courses/lot-12/console-events,1,READY_FOR_NEW_UI
QST-pb7yzzbda7w0,lot-12-console.yml,lot-12,Console,OIT-cqs3m73y3rpy,Console events,hard,single,1,1,4,APPLY,DIAGNOSE,BEHAVIOR_DIAGNOSIS,,45,OUT-rzgybvr9fa5g,CRS-y0zc67f3e5zk,/docs/courses/lot-12/console-events,1,READY_FOR_NEW_UI
QST-66qde236gsjb,lot-12-console.yml,lot-12,Console,OIT-dv5400dtksfg,Verbosity levels,medium,single,1,1,4,KNOW,RECOGNIZE,API_SIGNATURE,,45,OUT-8fna7evcc7x4,CRS-96c85hjezj1r,/docs/courses/lot-12/verbosity-levels,1,READY_FOR_NEW_UI
QST-rsbg20z3fzdk,lot-13-automated-tests.yml,lot-13,Automated Tests,OIT-c6wd3f444qjn,Unit tests with PHPUnit,easy,single,1,1,4,KNOW,RECOGNIZE,DEFINITION_RECALL,,40,OUT-tn4gp01mcsfz,CRS-tt9yn0a06ngb,/docs/courses/lot-13/unit-tests-with-phpunit,1,READY_FOR_NEW_UI
QST-vfkmqvxkehvn,lot-13-automated-tests.yml,lot-13,Automated Tests,OIT-c6wd3f444qjn,Unit tests with PHPUnit,medium,single,1,1,4,UNDERSTAND,DIAGNOSE,SCENARIO_CHOICE,,50,OUT-mytdwrbfbyr0,CRS-tt9yn0a06ngb,/docs/courses/lot-13/unit-tests-with-phpunit,1,READY_FOR_NEW_UI
QST-b4g2ascr897e,lot-13-automated-tests.yml,lot-13,Automated Tests,OIT-favt42nvgdqh,Functional tests with PHPUnit,medium,single,1,1,4,KNOW,RECOGNIZE,API_SIGNATURE,,45,OUT-aev6xdsqazd4,CRS-1en96h22twv7,/docs/courses/lot-13/functional-tests-with-phpunit,1,READY_FOR_NEW_UI
QST-9d4z5adb9sez,lot-13-automated-tests.yml,lot-13,Automated Tests,OIT-favt42nvgdqh,Functional tests with PHPUnit,hard,single,1,1,4,UNDERSTAND,DIAGNOSE,CONFIG_BEHAVIOR,,65,OUT-5q3ywht70qq9,CRS-1en96h22twv7,/docs/courses/lot-13/functional-tests-with-phpunit,1,READY_FOR_NEW_UI
QST-qznc9nx72jdq,lot-13-automated-tests.yml,lot-13,Automated Tests,OIT-bc3brs4a4mtt,Client object,easy,single,1,1,4,KNOW,RECOGNIZE,API_SIGNATURE,,40,OUT-b0gj22s9raax,CRS-k5wg55q2mg0p,/docs/courses/lot-13/client-object,1,CODE_INLINE_PRESENT
QST-b27q0jdvhz16,lot-13-automated-tests.yml,lot-13,Automated Tests,OIT-bc3brs4a4mtt,Client object,medium,single,1,1,4,UNDERSTAND,DIAGNOSE,BEHAVIOR_DIAGNOSIS,,55,OUT-pkd6t54g5k0j,CRS-k5wg55q2mg0p,/docs/courses/lot-13/client-object,1,READY_FOR_NEW_UI
QST-k2pbvcnet7mh,lot-13-automated-tests.yml,lot-13,Automated Tests,OIT-se21g2xv6h4r,Crawler object (CssSelector and DomCrawler components),medium,single,1,1,4,UNDERSTAND,DISTINGUISH,CONCEPT_DISTINCTION,,50,OUT-01wet8kg01yc,CRS-zg5jg6hqp2mj,/docs/courses/lot-13/crawler-object-cssselector-and-domcrawler-components,1,READY_FOR_NEW_UI
QST-7v7dsbmdfdgt,lot-13-automated-tests.yml,lot-13,Automated Tests,OIT-se21g2xv6h4r,Crawler object (CssSelector and DomCrawler components),hard,single,1,1,4,APPLY,DIAGNOSE,SCENARIO_CHOICE,,65,OUT-3vvzqtq2z234,CRS-zg5jg6hqp2mj,/docs/courses/lot-13/crawler-object-cssselector-and-domcrawler-components,1,CODE_INLINE_PRESENT
QST-vnr67m55bz2h,lot-13-automated-tests.yml,lot-13,Automated Tests,OIT-t0qx5z264tyf,Profiler object (WebProfiler bundle),medium,single,1,1,4,UNDERSTAND,DIAGNOSE,BEHAVIOR_DIAGNOSIS,,55,OUT-bbrw7hnswytn,CRS-0x4v9jaz4cnq,/docs/courses/lot-13/profiler-object-webprofiler-bundle,1,READY_FOR_NEW_UI
QST-dc8hsmx14h1s,lot-13-automated-tests.yml,lot-13,Automated Tests,OIT-t0qx5z264tyf,Profiler object (WebProfiler bundle),medium,single,1,1,4,KNOW,RECOGNIZE,CONFIG_BEHAVIOR,,45,OUT-r3rw0s0swgpy,CRS-0x4v9jaz4cnq,/docs/courses/lot-13/profiler-object-webprofiler-bundle,1,READY_FOR_NEW_UI
QST-tc71xv48p476,lot-13-automated-tests.yml,lot-13,Automated Tests,OIT-mtbcyaax2xsk,Framework objects access,medium,single,1,1,4,UNDERSTAND,DIAGNOSE,BEHAVIOR_DIAGNOSIS,,55,OUT-jkdgtbjxta7j,CRS-g8v45328cg95,/docs/courses/lot-13/framework-objects-access,1,READY_FOR_NEW_UI
QST-qa5pm7hv1d2a,lot-13-automated-tests.yml,lot-13,Automated Tests,OIT-mtbcyaax2xsk,Framework objects access,easy,single,1,1,4,KNOW,RECOGNIZE,CONFIG_BEHAVIOR,,40,OUT-yt8hbz210rcd,CRS-g8v45328cg95,/docs/courses/lot-13/framework-objects-access,1,READY_FOR_NEW_UI
QST-vtbv0rcpscbs,lot-13-automated-tests.yml,lot-13,Automated Tests,OIT-bswvewkkkj1q,Client configuration,medium,single,1,1,4,APPLY,DIAGNOSE,API_SIGNATURE,,55,OUT-2t00vt83c8pb,CRS-4x4ec26c9bfc,/docs/courses/lot-13/client-configuration,1,READY_FOR_NEW_UI
QST-0j3a50p7fbtn,lot-13-automated-tests.yml,lot-13,Automated Tests,OIT-bswvewkkkj1q,Client configuration,medium,single,1,1,4,UNDERSTAND,DIAGNOSE,BEHAVIOR_DIAGNOSIS,,55,OUT-kn9vqpak4jb0,CRS-4x4ec26c9bfc,/docs/courses/lot-13/client-configuration,1,READY_FOR_NEW_UI
QST-m9kesqa3bb7j,lot-13-automated-tests.yml,lot-13,Automated Tests,OIT-bzkq4e7wks9a,Request and response objects introspection,medium,single,1,1,4,UNDERSTAND,DISTINGUISH,CONCEPT_DISTINCTION,,50,OUT-az102q4grt31,CRS-xkp7v8142jt1,/docs/courses/lot-13/request-and-response-objects-introspection,1,READY_FOR_NEW_UI
QST-0y00gjhre739,lot-13-automated-tests.yml,lot-13,Automated Tests,OIT-bzkq4e7wks9a,Request and response objects introspection,easy,single,1,1,4,KNOW,RECOGNIZE,DEFINITION_RECALL,,40,OUT-2qpbjpt6nv81,CRS-xkp7v8142jt1,/docs/courses/lot-13/request-and-response-objects-introspection,1,READY_FOR_NEW_UI
QST-qspg3f4b1epq,lot-13-automated-tests.yml,lot-13,Automated Tests,OIT-vj24gwq6r1r4,Handling legacy deprecated code,medium,single,1,1,4,UNDERSTAND,DIAGNOSE,BEHAVIOR_DIAGNOSIS,,50,OUT-e2qhdj18dvjh,CRS-fak8bf9014br,/docs/courses/lot-13/handling-legacy-deprecated-code,1,READY_FOR_NEW_UI
QST-2b9q5n3vadem,lot-13-automated-tests.yml,lot-13,Automated Tests,OIT-vj24gwq6r1r4,Handling legacy deprecated code,medium,single,1,1,4,UNDERSTAND,DIAGNOSE,SCENARIO_CHOICE,,50,OUT-e2qhdj18dvjh,CRS-fak8bf9014br,/docs/courses/lot-13/handling-legacy-deprecated-code,1,READY_FOR_NEW_UI
QST-3ayfnb7ae5bq,lot-13-automated-tests.yml,lot-13,Automated Tests,OIT-c6wd3f444qjn,Unit tests with PHPUnit,easy,single,1,1,4,APPLY,RECOGNIZE,SCENARIO_CHOICE,,45,OUT-s84n2y8t4g36,CRS-tt9yn0a06ngb,/docs/courses/lot-13/unit-tests-with-phpunit,1,READY_FOR_NEW_UI
QST-7q4ebzsrj45x,lot-13-automated-tests.yml,lot-13,Automated Tests,OIT-vj24gwq6r1r4,Handling legacy deprecated code,hard,single,1,1,4,UNDERSTAND,DISTINGUISH,CONCEPT_DISTINCTION,,45,OUT-hnxp6h0scgsq,CRS-fak8bf9014br,/docs/courses/lot-13/handling-legacy-deprecated-code,1,READY_FOR_NEW_UI
QST-8h7ynmfznjpe,lot-14-miscellaneous.yml,lot-14,Miscellaneous,OIT-tvc5rjv6qvse,Configuration (including DotEnv and ExpressionLanguage components),medium,single,1,1,4,UNDERSTAND,DIAGNOSE,BEHAVIOR_DIAGNOSIS,,55,OUT-zbp5kh2xgz63,CRS-b7wpm5anh7c6,/docs/courses/lot-14/configuration-including-dotenv-and-expressionlanguage-components,1,READY_FOR_NEW_UI
QST-bftzbt0t3q8y,lot-14-miscellaneous.yml,lot-14,Miscellaneous,OIT-tvc5rjv6qvse,Configuration (including DotEnv and ExpressionLanguage components),medium,single,1,1,4,KNOW,DISTINGUISH,CONFIG_BEHAVIOR,,50,OUT-zbp5kh2xgz63,CRS-b7wpm5anh7c6,/docs/courses/lot-14/configuration-including-dotenv-and-expressionlanguage-components,1,READY_FOR_NEW_UI
QST-3bbtms3dk9ca,lot-14-miscellaneous.yml,lot-14,Miscellaneous,OIT-kv7mbksn7m8v,Error handling,medium,single,1,1,4,UNDERSTAND,DIAGNOSE,BEHAVIOR_DIAGNOSIS,,55,OUT-nrbst3qj145g,CRS-fppjrr6r23tk,/docs/courses/lot-14/error-handling,1,READY_FOR_NEW_UI
QST-cs8r5jz7rb07,lot-14-miscellaneous.yml,lot-14,Miscellaneous,OIT-kv7mbksn7m8v,Error handling,medium,single,1,1,4,KNOW,RECOGNIZE,CONFIG_BEHAVIOR,,50,OUT-4d26jh0mp0z1,CRS-fppjrr6r23tk,/docs/courses/lot-14/error-handling,1,READY_FOR_NEW_UI
QST-btrt51f6nnnv,lot-14-miscellaneous.yml,lot-14,Miscellaneous,OIT-xgrbftkj67ds,Code debugging,easy,single,1,1,4,KNOW,DISTINGUISH,CONCEPT_DISTINCTION,,40,OUT-ck41dmqysxwe,CRS-wf523wdsg2xp,/docs/courses/lot-14/code-debugging,1,READY_FOR_NEW_UI
QST-1er6x1ts9xk4,lot-14-miscellaneous.yml,lot-14,Miscellaneous,OIT-xgrbftkj67ds,Code debugging,medium,single,1,1,4,APPLY,DIAGNOSE,SCENARIO_CHOICE,,55,OUT-cfyrgc2t8f2q,CRS-wf523wdsg2xp,/docs/courses/lot-14/code-debugging,1,READY_FOR_NEW_UI
QST-2qp5mxyfj5n7,lot-14-miscellaneous.yml,lot-14,Miscellaneous,OIT-tvc5rjv6qvse,Configuration (including DotEnv and ExpressionLanguage components),medium,single,1,1,4,UNDERSTAND,DISTINGUISH,CONCEPT_DISTINCTION,,45,OUT-xrdyp9pn9ffe,CRS-b7wpm5anh7c6,/docs/courses/lot-14/configuration-including-dotenv-and-expressionlanguage-components,1,READY_FOR_NEW_UI
QST-y14y2m9jfwmr,lot-15-miscellaneous.yml,lot-15,Miscellaneous,OIT-6xqn9ybksrbr,Deployment best practices,medium,single,1,1,4,KNOW,DISTINGUISH,CONCEPT_DISTINCTION,,50,OUT-evgzmx45nr93,CRS-d0nvctfthnrp,/docs/courses/lot-15/deployment-best-practices,1,READY_FOR_NEW_UI
QST-xe2p2fcj5ays,lot-15-miscellaneous.yml,lot-15,Miscellaneous,OIT-6xqn9ybksrbr,Deployment best practices,medium,single,1,1,4,APPLY,DIAGNOSE,BEHAVIOR_DIAGNOSIS,,55,OUT-0m3mf05m416t,CRS-d0nvctfthnrp,/docs/courses/lot-15/deployment-best-practices,1,READY_FOR_NEW_UI
QST-x86878b8vrmn,lot-15-miscellaneous.yml,lot-15,Miscellaneous,OIT-d1qsxrtv25kk,"Web Profiler, Web Debug Toolbar and Data collectors",medium,single,1,1,4,UNDERSTAND,DIAGNOSE,BEHAVIOR_DIAGNOSIS,,55,OUT-rvstpkee1rj6,CRS-x8j99kkmpsng,/docs/courses/lot-15/web-profiler-web-debug-toolbar-and-data-collectors,1,READY_FOR_NEW_UI
QST-ecx7f7257q6m,lot-15-miscellaneous.yml,lot-15,Miscellaneous,OIT-d1qsxrtv25kk,"Web Profiler, Web Debug Toolbar and Data collectors",hard,single,1,1,4,UNDERSTAND,DIAGNOSE,BEHAVIOR_DIAGNOSIS,,65,OUT-q8696dzgbpts,CRS-x8j99kkmpsng,/docs/courses/lot-15/web-profiler-web-debug-toolbar-and-data-collectors,1,CODE_INLINE_PRESENT
QST-t22gymwk3fge,lot-15-miscellaneous.yml,lot-15,Miscellaneous,OIT-6xqn9ybksrbr,Deployment best practices,medium,single,1,1,4,KNOW,RECOGNIZE,SEQUENCE_ORDER,,45,OUT-q3cr8sbwrafh,CRS-d0nvctfthnrp,/docs/courses/lot-15/deployment-best-practices,1,READY_FOR_NEW_UI
QST-81zjtxgm9m2d,lot-15-miscellaneous.yml,lot-15,Miscellaneous,OIT-d1qsxrtv25kk,"Web Profiler, Web Debug Toolbar and Data collectors",medium,single,1,1,4,APPLY,DIAGNOSE,SCENARIO_CHOICE,,45,OUT-zexxpeg1gehg,CRS-x8j99kkmpsng,/docs/courses/lot-15/web-profiler-web-debug-toolbar-and-data-collectors,1,READY_FOR_NEW_UI
QST-qtng554v6wp6,lot-16-miscellaneous.yml,lot-16,Miscellaneous,OIT-3dd7821h069b,Internationalization and localization (Note: Intl component utilities to access ICU data are not included),medium,single,1,1,4,KNOW,RECOGNIZE,DEFINITION_RECALL,,50,OUT-gemxb3z58qyr,CRS-v1808qnchx6g,/docs/courses/lot-16/internationalization-and-localization-note-intl-component-utilities-to-access-icu-data-are-not-included,1,READY_FOR_NEW_UI
QST-p0bkmxc5kxfs,lot-16-miscellaneous.yml,lot-16,Miscellaneous,OIT-3dd7821h069b,Internationalization and localization (Note: Intl component utilities to access ICU data are not included),hard,single,1,1,4,UNDERSTAND,DIAGNOSE,SEQUENCE_ORDER,,65,OUT-z28gpra0mn3s,CRS-v1808qnchx6g,/docs/courses/lot-16/internationalization-and-localization-note-intl-component-utilities-to-access-icu-data-are-not-included,1,READY_FOR_NEW_UI
QST-713sjezq7b99,lot-17-miscellaneous.yml,lot-17,Miscellaneous,OIT-zezwg9nya501,"HTTP Caching (reverse proxies, expiration, validation) Note: ESI (Edge Side Includes) is not included",medium,single,1,1,4,KNOW,RECOGNIZE,CONFIG_BEHAVIOR,,50,OUT-edevbpg23scq,CRS-1k0ce9dvdr99,/docs/courses/lot-17/http-caching-reverse-proxies-expiration-validation-note-esi-edge-side-includes-is-not-included,1,READY_FOR_NEW_UI
QST-a9rqdpxw13gm,lot-17-miscellaneous.yml,lot-17,Miscellaneous,OIT-zezwg9nya501,"HTTP Caching (reverse proxies, expiration, validation) Note: ESI (Edge Side Includes) is not included",medium,single,1,1,4,UNDERSTAND,DIAGNOSE,BEHAVIOR_DIAGNOSIS,,55,OUT-81d6pteaq67a,CRS-1k0ce9dvdr99,/docs/courses/lot-17/http-caching-reverse-proxies-expiration-validation-note-esi-edge-side-includes-is-not-included,1,READY_FOR_NEW_UI
QST-ch9mc2vedk60,lot-18-miscellaneous.yml,lot-18,Miscellaneous,OIT-78k7kbfpgfxt,Cache,medium,single,1,1,4,UNDERSTAND,DIAGNOSE,BEHAVIOR_DIAGNOSIS,,55,OUT-ggw5eh2abp9f,CRS-p6yhxmpxrzbs,/docs/courses/lot-18/cache,1,READY_FOR_NEW_UI
QST-w6g2sgj7apm1,lot-18-miscellaneous.yml,lot-18,Miscellaneous,OIT-78k7kbfpgfxt,Cache,hard,single,1,1,4,UNDERSTAND,DISTINGUISH,CONFIG_BEHAVIOR,,65,OUT-ggw5eh2abp9f,CRS-p6yhxmpxrzbs,/docs/courses/lot-18/cache,1,READY_FOR_NEW_UI
QST-7kszpvjs383j,lot-18-miscellaneous.yml,lot-18,Miscellaneous,OIT-78k7kbfpgfxt,Cache,medium,single,1,1,4,UNDERSTAND,DISTINGUISH,CONCEPT_DISTINCTION,,45,OUT-rmv013ank5zr,CRS-p6yhxmpxrzbs,/docs/courses/lot-18/cache,1,READY_FOR_NEW_UI
QST-f2th6k9hk377,lot-19-miscellaneous.yml,lot-19,Miscellaneous,OIT-qpjnpc56hjj0,Clock,medium,single,1,1,4,UNDERSTAND,DIAGNOSE,BEHAVIOR_DIAGNOSIS,,55,OUT-yw73vkeyaqnd,CRS-6hcrc92xv6vt,/docs/courses/lot-19/clock,1,READY_FOR_NEW_UI
QST-39ytp7h11m85,lot-19-miscellaneous.yml,lot-19,Miscellaneous,OIT-qpjnpc56hjj0,Clock,medium,single,1,1,4,APPLY,DISTINGUISH,SCENARIO_CHOICE,,55,OUT-yw73vkeyaqnd,CRS-6hcrc92xv6vt,/docs/courses/lot-19/clock,1,READY_FOR_NEW_UI
QST-j8hmpd45jp1s,lot-19-miscellaneous.yml,lot-19,Miscellaneous,OIT-qpjnpc56hjj0,Clock,medium,single,1,1,4,UNDERSTAND,DISTINGUISH,CONCEPT_DISTINCTION,,45,OUT-80sdaactjvcg,CRS-6hcrc92xv6vt,/docs/courses/lot-19/clock,1,READY_FOR_NEW_UI
QST-xa6bq0yg86z5,lot-20-miscellaneous.yml,lot-20,Miscellaneous,OIT-s601ppsyb9f7,EventDispatcher,medium,single,1,1,4,UNDERSTAND,DIAGNOSE,SEQUENCE_ORDER,,55,OUT-c43j65gh5pth,CRS-wbgw87za3w5n,/docs/courses/lot-20/eventdispatcher,1,READY_FOR_NEW_UI
QST-d95psbyzz9x4,lot-20-miscellaneous.yml,lot-20,Miscellaneous,OIT-s601ppsyb9f7,EventDispatcher,medium,single,1,1,4,UNDERSTAND,DISTINGUISH,CONCEPT_DISTINCTION,,55,OUT-m0svgqcarref,CRS-wbgw87za3w5n,/docs/courses/lot-20/eventdispatcher,1,READY_FOR_NEW_UI
QST-dxvqjgxd3vyq,lot-20-miscellaneous.yml,lot-20,Miscellaneous,OIT-8xcczyjyyanz,Event,medium,single,1,1,4,UNDERSTAND,DIAGNOSE,BEHAVIOR_DIAGNOSIS,,55,OUT-ck4dc8hb0b3j,CRS-fhb1cbhnyaxx,/docs/courses/lot-20/event,1,READY_FOR_NEW_UI
QST-99x1vnm3rtx4,lot-20-miscellaneous.yml,lot-20,Miscellaneous,OIT-8xcczyjyyanz,Event,medium,single,1,1,4,KNOW,DISTINGUISH,CONCEPT_DISTINCTION,,50,OUT-90fn81pm7q7x,CRS-fhb1cbhnyaxx,/docs/courses/lot-20/event,1,READY_FOR_NEW_UI
QST-q1g70cf81t0a,lot-21-miscellaneous.yml,lot-21,Miscellaneous,OIT-tjn6kyvyc2h9,Filesystem,medium,single,1,1,4,UNDERSTAND,DIAGNOSE,BEHAVIOR_DIAGNOSIS,,55,OUT-9zm5ea8e1m2y,CRS-h9nryezt8wnb,/docs/courses/lot-21/filesystem,1,READY_FOR_NEW_UI
QST-3xhbezx2h2e2,lot-21-miscellaneous.yml,lot-21,Miscellaneous,OIT-tjn6kyvyc2h9,Filesystem,medium,single,1,1,4,KNOW,DIAGNOSE,BEHAVIOR_DIAGNOSIS,,50,OUT-0mnzvybywnv8,CRS-h9nryezt8wnb,/docs/courses/lot-21/filesystem,1,READY_FOR_NEW_UI
QST-9vdyrx07zz9j,lot-21-miscellaneous.yml,lot-21,Miscellaneous,OIT-a1anzcv85my3,Finder,hard,single,1,1,4,UNDERSTAND,DIAGNOSE,BEHAVIOR_DIAGNOSIS,,65,OUT-0gd4a3m5v66c,CRS-jwhqec35jczn,/docs/courses/lot-21/finder,1,READY_FOR_NEW_UI
QST-5a5z84vv3kvc,lot-21-miscellaneous.yml,lot-21,Miscellaneous,OIT-a1anzcv85my3,Finder,medium,single,1,1,4,KNOW,RECOGNIZE,DEFINITION_RECALL,,45,OUT-xntxjbxkapfz,CRS-jwhqec35jczn,/docs/courses/lot-21/finder,1,READY_FOR_NEW_UI
QST-tbsm9m352jya,lot-21-miscellaneous.yml,lot-21,Miscellaneous,OIT-a1anzcv85my3,Finder,easy,single,1,1,4,APPLY,RECOGNIZE,API_SIGNATURE,,45,OUT-9rc3vz43p7t0,CRS-jwhqec35jczn,/docs/courses/lot-21/finder,1,READY_FOR_NEW_UI
QST-08dprb9gp7c9,lot-22-miscellaneous.yml,lot-22,Miscellaneous,OIT-j4vpn5bh9f27,Mailer,medium,single,1,1,4,UNDERSTAND,DIAGNOSE,BEHAVIOR_DIAGNOSIS,,60,OUT-zpm8v90288p0,CRS-h304h6ht87kc,/docs/courses/lot-22/mailer,1,READY_FOR_NEW_UI
QST-x1q4fk8g682j,lot-22-miscellaneous.yml,lot-22,Miscellaneous,OIT-j4vpn5bh9f27,Mailer,medium,single,1,1,4,KNOW,RECOGNIZE,CONFIG_BEHAVIOR,,45,OUT-ybad6g99v4cm,CRS-h304h6ht87kc,/docs/courses/lot-22/mailer,1,READY_FOR_NEW_UI
QST-mpsdvd7w472c,lot-22-miscellaneous.yml,lot-22,Miscellaneous,OIT-9xdjjsqcbn13,Mime,medium,single,1,1,4,UNDERSTAND,DIAGNOSE,BEHAVIOR_DIAGNOSIS,,55,OUT-0rk3gn6523qv,CRS-82d40ncj59k9,/docs/courses/lot-22/mime,1,READY_FOR_NEW_UI
QST-4qhtngjnh5k3,lot-22-miscellaneous.yml,lot-22,Miscellaneous,OIT-9xdjjsqcbn13,Mime,medium,single,1,1,4,KNOW,DISTINGUISH,CONCEPT_DISTINCTION,,50,OUT-1c0gmbpg2341,CRS-82d40ncj59k9,/docs/courses/lot-22/mime,1,READY_FOR_NEW_UI
QST-x48my0ncdjrc,lot-22-miscellaneous.yml,lot-22,Miscellaneous,OIT-j4vpn5bh9f27,Mailer,hard,single,1,1,4,UNDERSTAND,DISTINGUISH,SCENARIO_CHOICE,,45,OUT-2q2fdnv4mhv9,CRS-h304h6ht87kc,/docs/courses/lot-22/mailer,1,READY_FOR_NEW_UI
QST-k8ghfqjcs3kk,lot-22-miscellaneous.yml,lot-22,Miscellaneous,OIT-j4vpn5bh9f27,Mailer,hard,single,1,1,4,UNDERSTAND,DISTINGUISH,CONCEPT_DISTINCTION,,45,OUT-7fptsggm3eqe,CRS-h304h6ht87kc,/docs/courses/lot-22/mailer,1,READY_FOR_NEW_UI
QST-my73tx1dk4vf,lot-22-miscellaneous.yml,lot-22,Miscellaneous,OIT-9xdjjsqcbn13,Mime,medium,single,1,1,4,UNDERSTAND,DISTINGUISH,CONCEPT_DISTINCTION,,45,OUT-svzhszy009bw,CRS-82d40ncj59k9,/docs/courses/lot-22/mime,1,READY_FOR_NEW_UI
QST-cayjxkrtsp55,lot-23-miscellaneous.yml,lot-23,Miscellaneous,OIT-qkcr4bat6dsb,Process,medium,single,1,1,4,UNDERSTAND,DISTINGUISH,CONCEPT_DISTINCTION,,55,OUT-vr32ta087n2a,CRS-am0qe9xa8vzk,/docs/courses/lot-23/process,1,READY_FOR_NEW_UI
QST-x7skxav0fpzg,lot-23-miscellaneous.yml,lot-23,Miscellaneous,OIT-qkcr4bat6dsb,Process,medium,single,1,1,4,KNOW,RECOGNIZE,CONFIG_BEHAVIOR,,55,OUT-z054mp760r1h,CRS-am0qe9xa8vzk,/docs/courses/lot-23/process,1,READY_FOR_NEW_UI
QST-1kkdfwcv8b04,lot-23-miscellaneous.yml,lot-23,Miscellaneous,OIT-qkcr4bat6dsb,Process,medium,single,1,1,4,UNDERSTAND,DISTINGUISH,CONCEPT_DISTINCTION,,45,OUT-4h80hb7ky1wt,CRS-am0qe9xa8vzk,/docs/courses/lot-23/process,1,READY_FOR_NEW_UI
QST-5naehn50xrx3,lot-23-miscellaneous.yml,lot-23,Miscellaneous,OIT-qkcr4bat6dsb,Process,hard,single,1,1,4,UNDERSTAND,DISTINGUISH,CONCEPT_DISTINCTION,,45,OUT-ew0th9575tfe,CRS-am0qe9xa8vzk,/docs/courses/lot-23/process,1,READY_FOR_NEW_UI
QST-rxnqtgnv8gnf,lot-24-miscellaneous.yml,lot-24,Miscellaneous,OIT-43pt66xsft9f,PropertyAccess,medium,single,1,1,4,KNOW,DISTINGUISH,CONCEPT_DISTINCTION,,45,OUT-1mrdfqr9nk4q,CRS-5vz7w1ny9shd,/docs/courses/lot-24/propertyaccess,1,READY_FOR_NEW_UI
QST-jfzfmtt469xk,lot-24-miscellaneous.yml,lot-24,Miscellaneous,OIT-43pt66xsft9f,PropertyAccess,medium,single,1,1,4,APPLY,RECOGNIZE,SCENARIO_CHOICE,,50,OUT-6h3qaavna2z8,CRS-5vz7w1ny9shd,/docs/courses/lot-24/propertyaccess,1,READY_FOR_NEW_UI
QST-jtsy60arwa1r,lot-24-miscellaneous.yml,lot-24,Miscellaneous,OIT-43pt66xsft9f,PropertyAccess,hard,single,1,1,4,UNDERSTAND,DISTINGUISH,CONFIG_BEHAVIOR,,45,OUT-xd2zq134swyh,CRS-5vz7w1ny9shd,/docs/courses/lot-24/propertyaccess,1,READY_FOR_NEW_UI
QST-ymqf2vmf7842,lot-25-miscellaneous.yml,lot-25,Miscellaneous,OIT-r3qcmsehzex1,Runtime,medium,single,1,1,4,KNOW,DISTINGUISH,CONCEPT_DISTINCTION,,50,OUT-87xc26yncsb7,CRS-pm5kj5kh3gt2,/docs/courses/lot-25/runtime,1,READY_FOR_NEW_UI
QST-qvrh3419534q,lot-25-miscellaneous.yml,lot-25,Miscellaneous,OIT-r3qcmsehzex1,Runtime,medium,single,1,1,4,APPLY,DIAGNOSE,BEHAVIOR_DIAGNOSIS,,60,OUT-awqwz26y52yr,CRS-pm5kj5kh3gt2,/docs/courses/lot-25/runtime,1,READY_FOR_NEW_UI
QST-vq3xt0e6a4qr,lot-25-miscellaneous.yml,lot-25,Miscellaneous,OIT-r3qcmsehzex1,Runtime,medium,single,1,1,4,KNOW,RECOGNIZE,CONFIG_BEHAVIOR,,45,OUT-3n7fcpgc1j29,CRS-pm5kj5kh3gt2,/docs/courses/lot-25/runtime,1,READY_FOR_NEW_UI
QST-xeygxgdd5586,lot-26-miscellaneous.yml,lot-26,Miscellaneous,OIT-fr58jzaj6jtb,Serializer,medium,single,1,1,4,UNDERSTAND,DISTINGUISH,CONCEPT_DISTINCTION,,50,OUT-g6j22cqpx1ga,CRS-3z96cp2s1dka,/docs/courses/lot-26/serializer,1,READY_FOR_NEW_UI
QST-0a0tb3jj6h5v,lot-26-miscellaneous.yml,lot-26,Miscellaneous,OIT-fr58jzaj6jtb,Serializer,medium,single,1,1,4,KNOW,RECOGNIZE,DEFINITION_RECALL,,55,OUT-4bynfsdjvrc5,CRS-3z96cp2s1dka,/docs/courses/lot-26/serializer,1,READY_FOR_NEW_UI
QST-k1ma4azm85yw,lot-26-miscellaneous.yml,lot-26,Miscellaneous,OIT-fr58jzaj6jtb,Serializer,medium,single,1,1,4,UNDERSTAND,DISTINGUISH,CONCEPT_DISTINCTION,,45,OUT-a95xx41fw6hn,CRS-3z96cp2s1dka,/docs/courses/lot-26/serializer,1,READY_FOR_NEW_UI
QST-j0bscrddekrm,lot-26-miscellaneous.yml,lot-26,Miscellaneous,OIT-fr58jzaj6jtb,Serializer,medium,single,1,1,4,UNDERSTAND,DIAGNOSE,BEHAVIOR_DIAGNOSIS,,45,OUT-f4j1y7n6y64g,CRS-3z96cp2s1dka,/docs/courses/lot-26/serializer,1,READY_FOR_NEW_UI
